fact_id,food_beverage_id,polymer_id,biocoagulation_id,biological_sample_id,food_item,food_category,sample_preparation,quality_parameter,particle_number_numeric,size_range_um_standardized,polymer_type_standardized,detection_method_standardized,source_table
MP_0001,FW_0001,POLY_001,BC_001,BS_001,Anchovy (S. indicus),Marine animal origin,"Digestion: 10% KOH (60°C, 24 h)",Not Reported,0.07,115–210 µm,PE,Optical microscopy,food_water_beverages
MP_0002,FW_0002,POLY_002,BC_002,BS_002,"Anchovy (S. waitei - Dried),",Marine animal origin,"Digestion: 10% KOH (40°C, 72 h); density separation: 4.4 M NaI (ρ = 1.5 g/mL)",Not Reported,0.43,1–1000 µm,HDPE,Optical microscopy,food_water_beverages
MP_0003,FW_0003,POLY_003,BC_003,BS_003,Barracuda (S. jello),Marine animal origin,"Digestion: 10% KOH (40°C, 48 h)",Not Reported,5.66,Not Reported,LDPE,Optical microscopy,food_water_beverages
MP_0004,FW_0004,POLY_004,BC_004,BS_004,Barracuda (S. putnamiae),Marine animal origin,"Digestion: 30% H2O2 (65°C, 24–48 h)",Not Reported,0,Not Reported,PP,Optical microscopy,food_water_beverages
MP_0005,FW_0005,POLY_005,BC_005,BS_005,Bartail flathead (P. indicus),Marine animal origin,"Digestion: 10% KOH (40°C, 48 h)",Not Reported,18.5,Not Reported,PET,Optical microscopy,food_water_beverages
MP_0006,FW_0006,POLY_006,BC_006,BS_006,Bartail flathead (P. indicus),Marine animal origin,"Digestion: 10% KOH (40°C, 48 h)",Not Reported,0.179,Fibers 50–8000 µm; Fragments <500 µm,PS,Optical microscopy,food_water_beverages
MP_0007,FW_0007,POLY_007,BC_007,BS_007,Bartail flathead (P. indicus),Marine animal origin,"Digestion: 30% H2O2 (65°C, 24–48 h)",Not Reported,0,Not Reported,EPS,Optical microscopy,food_water_beverages
MP_0008,FW_0008,POLY_008,BC_008,BS_008,Belanger’s croaker (J. belangerii - Dried),Marine animal origin,"Digestion: 10% KOH (40°C, 72 h); density separation: 4.4 M NaI (ρ = 1.5 g/mL)",Not Reported,0.3,1–1000 µm,PVC,Optical microscopy,food_water_beverages
MP_0009,FW_0009,POLY_009,BC_009,BS_009,Bream (A. spinifer),Marine animal origin,"Digestion: 30% H2O2 (65°C, 24–48 h)",Not Reported,0,Not Reported,PA,Optical microscopy,food_water_beverages
MP_0010,FW_0010,POLY_010,BC_010,BS_010,Brown shrimp (C. crangon),Marine animal origin,"Digestion: HNO3:HClO4 4:1 v:v ((80°C, 10 min + 30 min cooling time) * 2)",Not Reported,1.23,200–1000 µm,PU,Optical microscopy,food_water_beverages
MP_0011,FW_0011,POLY_011,BC_011,BS_011,Canned sardines and sprats,Marine animal origin,"Digestion: 10% KOH (40°C, 72 h); density separation: NaI solution","Recovery (PVC 99.0%, PET 80.5%, HDPE 103.7%, PS 100.0 %, PE 99.4%, PP 106.0%, PA-6 91.0%, Pa-66 95.0%)",0.01,190–3800 µm,PC,Optical microscopy,food_water_beverages
MP_0012,FW_0012,POLY_012,BC_012,BS_012,Chinese razor clam (S. constricta),Marine animal origin,"Digestion: 30% H2O2 (80 rpm, 65°C, 24–48 h); density separation: NaCl solution",Not Reported,2.1,5–5000 µm,PMMA,Optical microscopy,food_water_beverages
MP_0013,FW_0013,POLY_013,BC_013,BS_013,Chinese razor clam (S. constricta),Marine animal origin,"Digestion: 10% KOH + 30% H2O2 (60°C, 24 h)",Not Reported,1.8,74–2000 µm,POM,Optical microscopy,food_water_beverages
MP_0014,FW_0014,POLY_014,BC_014,BS_014,"Clam (A. crenata, M. tokyoensis)",Marine animal origin,"Digestion: 10% KOH (300 rpm, 60°C, 24 h); density separation: saturated saline solution (ρ = 1.2 g/mL)","Recovery (PE 90% - 95%, PP 95% - 115%)",0.17,170 –9730 µm,ABS,Optical microscopy,food_water_beverages
MP_0015,FW_0015,POLY_015,BC_015,BS_015,Crab (C. opilio),Marine animal origin,"Digestion: 10% KOH (300 rpm, 60°C, 24 h); density separation: saturated saline solution (ρ = 1.2 g/mL)","Recovery (PE 90% - 95%, PP 95% - 115%)",0.17,171 –9730 µm,PTFE,Optical microscopy,food_water_beverages
MP_0016,FW_0016,POLY_016,BC_016,BS_016,Shrimp (P. borealis),Marine animal origin,"Digestion: 10% KOH (300 rpm, 60°C, 24 h); density separation: saturated saline solution (ρ = 1.2 g/mL)","Recovery (PE 90% - 95%, PP 95% - 115%)",0.17,172 –9730 µm,PES,Optical microscopy,food_water_beverages
MP_0017,FW_0017,POLY_017,BC_017,BS_017,Clam (A. mirabilis),Marine animal origin,"Digestion: 65% HNO3 + 30% H2O2 (1:3, v/v); density separation: NaI solution (ρ = 1.8 g/mL)",Not Reported,6.9,50–5000 µm,PBS,Optical microscopy,food_water_beverages
MP_0018,FW_0018,POLY_018,BC_018,BS_018,Clam (C. fluminea),Marine animal origin,"Digestion: 30% H2O2 (80 rpm, 65°C, 24–48 h)",Not Reported,0.2,5–5000 µm,PSF,Optical microscopy,food_water_beverages
MP_0019,FW_0019,POLY_019,BC_019,BS_019,Clam (C. fulminea),Marine animal origin,"Digestion: 30% H2O2 (80 rpm, 65°C, 72 h)",Not Reported,0.4,21–4830 µm,EVA,Optical microscopy,food_water_beverages
MP_0020,FW_0020,POLY_020,BC_020,BS_020,Clam (C. glaucum),Marine animal origin,"Digestion: 10% KOH (rt, 48 h)",Not Reported,0.01,3000 µm,PAN,Optical microscopy,food_water_beverages
MP_0021,FW_0021,POLY_021,BC_021,BS_021,Clam (C. sinensis),Marine animal origin,"Digestion: 30% H2O2 (80 rpm, 65°C, 24–48 h); density separation: NaCl solution",Not Reported,3.9,5–5000 µm,PBT,Optical microscopy,food_water_beverages
MP_0022,FW_0022,POLY_022,BC_022,BS_022,Clam (E. tenuis),Marine animal origin,Digestions: 10% KOH (50°C overnight); density separation: NaCl (ρ = 1.2 g/cm3),Not Reported,1.8,41–9000 µm,CPE,Optical microscopy,food_water_beverages
MP_0023,FW_0023,POLY_023,BC_023,BS_023,Clam (L. balthica),Marine animal origin,"Digestion: 10% KOH (rt, 48 h)",Not Reported,0.25,60–900 µm,PVOH,Optical microscopy,food_water_beverages
MP_0024,FW_0024,POLY_024,BC_024,BS_024,Clam (M. meretrix),Marine animal origin,"Digestion: 10% KOH (125 rpm, 40°C, 72 h); staining: Nile red 5 µg/mL (30 min)",Not Reported,0.5,21.06–1500 µm,PVA,Fluorescence microscopy,food_water_beverages
MP_0025,FW_0025,POLY_025,BC_025,BS_025,Clam (M. meretrix),Marine animal origin,"Digestion: 10% KOH (300 rpm, 60°C, 6 h); density separation: saturated NaCl solution (ρ = 1.2 g/mL)","Recovery (PS or PP 50 μm 84% - 86%, PS or PP 100 μm 96% - 100%)",0.59,100–1640 µm,CA,Optical microscopy,food_water_beverages
MP_0026,FW_0026,POLY_026,BC_026,BS_026,"Mussel (M. edulis, P. viridis)",Marine animal origin,"Digestion: 10% KOH (300 rpm, 60°C, 6 h); density separation: saturated NaCl solution (ρ = 1.2 g/mL)","Recovery (PS or PP 50 μm 84% - 86%, PS or PP 100 μm 96% - 100%)",0.59,100–1640 µm,PEEK,Optical microscopy,food_water_beverages
MP_0027,FW_0027,POLY_027,BC_027,BS_027,Clam (M. veneriformis),Marine animal origin,"Digestion: 10% KOH (sonication 5 min; incubation 90 rpm, 60°C, 24 h)",Not Reported,1.2,57–8639 µm,PEI,Optical microscopy,food_water_beverages
MP_0028,FW_0028,POLY_028,BC_028,BS_028,Clam (R. philippinarum),Marine animal origin,"Digestion: 10% KOH (sonication 5 min; incubation 90 rpm, 60°C, 24 h)",Not Reported,1.9,57–8639 µm,RY,Optical microscopy,food_water_beverages
MP_0029,FW_0029,POLY_029,BC_029,BS_029,Clam (R. philippinarum),Marine animal origin,"Digestion: 30% H2O2 (80 rpm, 65°C, 24–48 h); density separation: NaCl solution",Not Reported,2.5,5–5000 µm,PE,Optical microscopy,food_water_beverages
MP_0030,FW_0030,POLY_030,BC_030,BS_030,"Clam (R. philippinarum, M. meretrix); razor clam (S. constricta)",Marine animal origin,"Digestion: 10% KOH (ultrasound 5 min + 90 rpm, 24 h); density separation: NaCl (ρ = 1.2 g/cm3) + KI (ρ = 1.55 g/cm3)",Not Reported,1,40–5000 µm,RY,Optical microscopy,food_water_beverages
MP_0031,FW_0031,POLY_031,BC_031,BS_031,Clam (S. plana),Marine animal origin,"Digestion: 10% KOH (rt, 48 h)",Not Reported,0.05,1.8 µm,PAN,Optical microscopy,food_water_beverages
MP_0032,FW_0032,POLY_032,BC_032,BS_032,Clam (S. subcrenata),Marine animal origin,"Digestion: 30% H2O2 (80 rpm, 65°C, 24–48 h); density separation: NaCl solution",Not Reported,10.5,5–5000 µm,PE,Optical microscopy,food_water_beverages
MP_0033,FW_0033,POLY_033,BC_033,BS_033,Clam (T. granosa),Marine animal origin,"Digestion: 30% H2O2 (80 rpm, 65°C, 24–48 h); density separation: NaCl solution",Not Reported,4.1,5–5000 µm,PE,Optical microscopy,food_water_beverages
MP_0034,FW_0034,POLY_034,BC_034,BS_034,Clam (V. philippinarum),Marine animal origin,"Digestion: 10% KOH (60°C, 24 h); density separation: CaCl2 (ρ = 1.4 g/mL)",Not Reported,0.13,10–5000 µm,PA-6,Optical microscopy,food_water_beverages
MP_0035,FW_0035,POLY_035,BC_035,BS_035,Clamp (A. purpuratus),Marine animal origin,Digestion: 30% H2O2,Not Reported,7.1,10–5000 µm,PE,Optical microscopy,food_water_beverages
MP_0036,FW_0036,POLY_036,BC_036,BS_036,Clamp (A. umbonella),Marine animal origin,Digestion: 30% H2O2,Not Reported,6.9,10–5000 µm,PE,Optical microscopy,food_water_beverages
MP_0037,FW_0037,POLY_037,BC_037,BS_037,Cockle,Marine animal origin,"Digestion: 10% KOH (300 rpm, 60°C, 24 h)",Not Reported,2.46,> 15 µm,PE,Optical microscopy,food_water_beverages
MP_0038,FW_0038,POLY_038,BC_038,BS_038,Crab (C. maenas),Marine animal origin,"Microwave assisted digestion: 65% HNO3, 30% H2O2",Recovery (34%),0,10–5000 µm,UNKNOWN,Optical microscopy,food_water_beverages
MP_0039,FW_0039,POLY_039,BC_039,BS_039,Crab (H. sanguineus),Marine animal origin,"Microwave assisted digestion: 65% HNO3, 30% H2O2",Recovery (34%),26,Not Reported,UNKNOWN,Optical microscopy,food_water_beverages
MP_0040,FW_0040,POLY_040,BC_040,BS_040,Crab (muscle - P. armatus),Marine animal origin,"Digestion: 10% KOH (40°C, 48 h)",Not Reported,0.256,Fibers 50–8000 µm; Fragments <500 µm,UNKNOWN,Optical microscopy,food_water_beverages
MP_0041,FW_0041,POLY_041,BC_041,BS_041,Crab (P. pelagicus),Marine animal origin,"Digestion: 10% KOH (60 °C, 24 h)",Not Reported,0.14,130–286 µm,PP,Optical microscopy,food_water_beverages
MP_0042,FW_0042,POLY_042,BC_042,BS_042,"Crab (P. trituberculatus, C. japonica, D. japonica, M. planipes)",Marine animal origin,"Digestion: 10% KOH (60 rpm, 40°C, 24–48 h)",Not Reported,0,19.97–4976.22 µm,CELLOPHANE,µ-FTIR,food_water_beverages
MP_0043,FW_0043,POLY_043,BC_043,BS_043,Crabs (P. armatus),Marine animal origin,"Digestion: 10% KOH (135 rpm, 60°C, 24 h); ASE dichloromethane (180°C, 1500 psi)","Recovery (PS 83.1 ± 17.9, PE 85.7 ± 6.5, PP 78.3 ± 18.5, PVC 86.5 ± 13.1, PMMA 100.7 ± 14.5, PET 32.1 ± 11); Linearity and linearity range (R2 ≥ 0.98, 0.02 - 10 μg); LOD (PS 0.05 - 0.70 μg, PE 0.62 - 8.05 μg, PVC 0.81 -10.82 μg, PP 0.07 - 10.82 μg, PMMA 0.74 - 13.96 μg); LOQ (PS 0.07 - 0.96 μg, PE 0.72 - 9.41 μg, PVC 0.83 - 10.93 μg, PP 0.19 - 2.45 μg, PMMA 1.86 - 24.29 μg)",0,Not Reported,PS,Py-GC/MS,food_water_beverages
MP_0044,FW_0044,POLY_044,BC_044,BS_044,Croaker (O. ruber),Marine animal origin,"Digestion: 30% H2O2 (65°C, 24–48 h)",Not Reported,0,Not Reported,UNKNOWN,Optical microscopy,food_water_beverages
MP_0045,FW_0045,POLY_045,BC_045,BS_045,Flat fish (C. abbreviatus),Marine animal origin,"Digestion: 35% H2O2; 4% KOH (60°C, 72 h) + 68% HClO4 and 65% HNO3 (Few minutes)",Not Reported,11.3,Not Reported,UNKNOWN,Optical microscopy,food_water_beverages
MP_0046,FW_0046,POLY_046,BC_046,BS_046,Girdled horn snail (C. cingulata),Marine animal origin,Digestion: 30% H2O2,Not Reported,3.7,10–5000 µm,PE,Optical microscopy,food_water_beverages
MP_0047,FW_0047,POLY_047,BC_047,BS_047,Goldstripre sardinella (S. gibbosa),Marine animal origin,"Digestion: 10% KOH (60°C, 24 h)",Not Reported,0.1,115–210 µm,PE,Optical microscopy,food_water_beverages
MP_0048,FW_0048,POLY_048,BC_048,BS_048,Greater lizardfish (S. tumbil),Marine animal origin,"Digestion: 35% H2O2; 4% KOH (60°C, 72 h) + 68% HClO4 and 65% HNO3 (Few minutes)",Not Reported,12,Not Reported,UNKNOWN,Optical microscopy,food_water_beverages
MP_0049,FW_0049,POLY_049,BC_049,BS_049,Haddock (M. aeglefinus),Marine animal origin,"Digestion: 30% H2O2 (80 rpm, 65°C, 24 h + rt, 24–48 h)",Not Reported,0.21,5–5000 µm,PE,Optical microscopy,food_water_beverages
MP_0050,FW_0050,POLY_050,BC_050,BS_050,Limpet (P. vulgata),Marine animal origin,"Microwave assisted digestion: 65% HNO3, 30% H2O3",Recovery (34%),0,Not Reported,UNKNOWN,Optical microscopy,food_water_beverages
MP_0051,FW_0051,POLY_051,BC_051,BS_051,Mackerel (Canned in sunflower oil),Marine animal origin,"Digestion: 10% KOH (40 °C, 24 h)",Not Reported,0.15,Fibers 1–5 mm; Fragments 10–50 µm; Films 100–500 µm,PET,Optical microscopy,food_water_beverages
MP_0052,FW_0052,POLY_052,BC_052,BS_052,Mackerel (M. cordyla),Marine animal origin,"Digestion: 10% KOH (60°C, 24 h)",Not Reported,0,115–210 µm,PE,Optical microscopy,food_water_beverages
MP_0053,FW_0053,POLY_053,BC_053,BS_053,Mackerel (R. kanagurta - Dried),Marine animal origin,"Digestion: 10% KOH (40°C, 72 h); density separation: 4.4 M NaI (ρ = 1.5 g/mL)",Not Reported,0.47,1–1000 µm,PP,Optical microscopy,food_water_beverages
MP_0054,FW_0054,POLY_054,BC_054,BS_054,Mackerel (R. kanagurta),Marine animal origin,"Digestion: 10% KOH (60°C, 24 h)",Not Reported,0.13,115–210 µm,PE,Optical microscopy,food_water_beverages
MP_0055,FW_0055,POLY_055,BC_055,BS_055,"Mackerel (R. kanagurta, S. commerson)",Marine animal origin,"Digestion: 30% H2O2 (65°C, 24–48 h)",Not Reported,0,Not Reported,UNKNOWN,Optical microscopy,food_water_beverages
MP_0056,FW_0056,POLY_056,BC_056,BS_056,Mackerel (S. colias),Marine animal origin,"Digestion: 10% KOH (60°C, 24h)",Not Reported,0.6,Not Reported,PE,Optical microscopy,food_water_beverages
MP_0057,FW_0057,POLY_057,BC_057,BS_057,Mackerel (S. scombrus),Marine animal origin,"Digestion: 30% H2O2 (80 rpm, 65°C, 24 h + rt, 24–48 h)",Not Reported,0.29,7–5000 µm,PE,Optical microscopy,food_water_beverages
MP_0058,FW_0058,POLY_058,BC_058,BS_058,Mackerel (T. japonicus),Marine animal origin,"Digestion: 10% KOH + 14% EDTA + 30% H2O2 (40°C, 48 h)","Recovery (PP 98.0 ± 8.37, PE 96.0 ± 5.48, PS 90.0 ± 7.07, PA 96.0 ± 5.48, PMMA 96.0 ± 5.48, PET 96.0 ± 5.48, PVC 96.0 ± 5.48)",8.33,>30 µm,PP,Optical microscopy,food_water_beverages
MP_0059,FW_0059,POLY_059,BC_059,BS_059,Mackerel (T. trachurus),Marine animal origin,"Digestion: 10% KOH (60°C, 24h)",Not Reported,0.7,Not Reported,PE,Optical microscopy,food_water_beverages
MP_0060,FW_0060,POLY_060,BC_060,BS_060,Manila Clam (Farmed),Marine animal origin,"Digestion: 69–71% HNO3 (90°C, 4 h)",Not Reported,11.3,Not Reported,UNKNOWN,Optical microscopy,food_water_beverages
MP_0061,FW_0061,POLY_061,BC_061,BS_061,Manila Clam (T. philippinarum),Marine animal origin,"Digestion: 10% KOH (100 rpm, 60°C, 24 h); density separation: lithium metatungstate (ρ = 1.6 g/cm3)","Recovery (PE 100%, EPS 100%, PP 93 ± 6%, PA-6 93 ± 6%, PES 90 ± 14%); LOD (PE 0.24, PP 0.24, PS 0.24, PES 0.51, PEVA 0.51)",1.15,100–200 µm,PE,µ-FTIR,food_water_beverages
MP_0062,FW_0062,POLY_062,BC_062,BS_062,Manila Clam (Wild),Marine animal origin,"Digestion: 69–71% HNO3 (90°C, 4 h)",Not Reported,8.4,Not Reported,UNKNOWN,Optical microscopy,food_water_beverages
MP_0063,FW_0063,POLY_063,BC_063,BS_063,Mullet (C. subviridis - Dried),Marine animal origin,"Digestion: 10% KOH (40°C, 72 h); density separation: 4.4 M NaI (ρ = 1.5 g/mL)",Not Reported,0.3,1–1000 µm,PS,Optical microscopy,food_water_beverages
MP_0064,FW_0064,POLY_064,BC_064,BS_064,Mullet (L. klunzingeri),Marine animal origin,"Digestion: 10% KOH (40°C, 48 h)",Not Reported,0.275,Fibers 50–8000 µm; Fragments <500 µm,UNKNOWN,Optical microscopy,food_water_beverages
MP_0065,FW_0065,POLY_065,BC_065,BS_065,Mullet (L. klunzingri),Marine animal origin,"Digestion: 30% H2O2 (65°C, 24–48 h)",Not Reported,0,Not Reported,UNKNOWN,Optical microscopy,food_water_beverages
MP_0066,FW_0066,POLY_066,BC_066,BS_066,Mussel,Marine animal origin,"Digestion: 10% KOH (300 rpm, 60°C, 24 h)",Not Reported,0.76,> 15 µm,PE,Optical microscopy,food_water_beverages
MP_0067,FW_0067,POLY_067,BC_067,BS_067,Mussel,Marine animal origin,"Digestion: lipase, protease (200 rpm, 60°C, 24 h); density separation NaCL (ρ = 1.2 g/mL)","Recovery (PE 100%, PP 97 ± 6%, EPS 90 ± 10%, polyester 60 ± 10%)",1.43,50–1000 µm,PE,µ-FTIR,food_water_beverages
MP_0068,FW_0068,POLY_068,BC_068,BS_068,Mussel,Marine animal origin,"Digestion:10% KOH (rt, 21 days)",Not Reported,2.19,20–5000 µm,UNKNOWN,Optical microscopy,food_water_beverages
MP_0069,FW_0069,POLY_069,BC_069,BS_069,"Mussel (M. edulis - Depurated, 3 days)",Marine animal origin,"Digestion: 69% NHO3 (rt, 24h + 100°C, 2 h); dilution: water (1:10 v/v, 80°C)",Not Reported,0.24,Not Reported,UNKNOWN,Optical microscopy,food_water_beverages
MP_0070,FW_0070,POLY_070,BC_070,BS_070,Mussel (M. edulis - Farmed),Marine animal origin,"Digestion: 10% KOH (60°C, 24 h)",Not Reported,2.22,Not Reported,PS,Optical microscopy,food_water_beverages
MP_0071,FW_0071,POLY_071,BC_071,BS_071,Mussel (M. edulis - Farmed),Marine animal origin,"Digestion: 30% H2O2 (55–65 °C, until full H2O2 evaporation); density separation: NaCl (ρ = 250 g/L)",Not Reported,178,Not Reported,UNKNOWN,Optical microscopy,food_water_beverages
MP_0072,FW_0072,POLY_072,BC_072,BS_072,"Mussel (M. edulis - Farmed, live)",Marine animal origin,"Digestion: 30% H2O2 (80 rpm, 65°C, 24 h; rt, 24–48 h); density separation: NaCl (ρ = 1.2 g/mL)",Not Reported,0.9,33–4700 µm,PP,Optical microscopy,food_water_beverages
MP_0073,FW_0073,POLY_073,BC_073,BS_073,"Mussel (M. edulis - Farmed, processed)",Marine animal origin,"Digestion: 30% H2O2 (80 rpm, 65°C, 24 h; rt, 24–48 h); density separation: NaCl (ρ = 1.2 g/mL)",Not Reported,1.4,33–4700 µm,PP,Optical microscopy,food_water_beverages
MP_0074,FW_0074,POLY_074,BC_074,BS_074,Mussel (M. edulis - Untreated),Marine animal origin,"Digestion: 69% NHO3 (rt, 24h + 100°C, 2 h); dilution: water (1:10 v/v, 80°C)",Not Reported,0.36,Not Reported,UNKNOWN,Optical microscopy,food_water_beverages
MP_0075,FW_0075,POLY_075,BC_075,BS_075,Mussel (M. edulis - Wild),Marine animal origin,"Digestion: 30% H2O2 (55–65 °C, until full H2O2 evaporation); density separation: NaCl (ρ = 250 g/L)",Not Reported,106,Not Reported,UNKNOWN,Optical microscopy,food_water_beverages
MP_0076,FW_0076,POLY_076,BC_076,BS_076,Mussel (M. edulis - Wild),Marine animal origin,"Digestion: 30% H2O2 (80 rpm, 65°C, 24 h; rt, 24–48 h); density separation: NaCl (ρ = 1.2 g/mL)",Not Reported,0.7,33–4700 µm,PEST,Optical microscopy,food_water_beverages
MP_0077,FW_0077,POLY_077,BC_077,BS_077,Mussel (M. edulis and P. viridis),Marine animal origin,"Digestion: 30% H2O2 (80 rpm, 65°C, 24–48 h); density separation: NaCl solution",Not Reported,0.77,250–1000 µm,PET,Optical microscopy,food_water_beverages
MP_0078,FW_0078,POLY_078,BC_078,BS_078,Mussel (M. edulis),Marine animal origin,"Digestion: 966 UHb/mL Corolase® 7089 (60°C, 24h)","Recovery (HDPE 98 ± 0.2%, PET 97 ± 6.3%, PA-6 85 ± 13.2%)",10.4,Not Reported,UNKNOWN,Optical microscopy,food_water_beverages
MP_0079,FW_0079,POLY_079,BC_079,BS_079,Mussel (M. edulis),Marine animal origin,"Digestion: 10% KOH (100 rpm, 60°C, 24 h); density separation: lithium metatungstate (ρ = 1.6 g/cm3)","Recovery (PE 100%, EPS 100%, PP 93 ± 6%, PA-6 93 ± 6%, PES 90 ± 14%); LOD (PE 0.24, PP 0.24, PS 0.24, PES 0.51, PEVA 0.51)",0.68,100–200 µm,PE,µ-FTIR,food_water_beverages
MP_0080,FW_0080,POLY_080,BC_080,BS_080,Mussel (M. edulis),Marine animal origin,"Digestion: 0.3125% trypsin (250 rmp, 38–42°C, 30 min)",Degradation test of different polymers,1.05,200–10000 µm,PA,ATR-FTIR,food_water_beverages
MP_0081,FW_0081,POLY_081,BC_081,BS_081,Mussel (M. edulis),Marine animal origin,"Digestion: HNO3:HClO4 4/1 v/v ((80°C, 10 min + 30 min cooling time) * 2)","LOD (Fibers: black 2.3 items/analysis, blue 4.7 items/analysis, red 1.5 items/analysis, other <1 fibers/analysis )",0.35,200–1500 µm,UNKNOWN,Optical microscopy,food_water_beverages
MP_0082,FW_0082,POLY_082,BC_082,BS_082,Mussel (M. edulis),Marine animal origin,"Proteinase K (50 °C, 2h + shaking 20 min + 60 °C, 20 min); H2O2 ( rt, 24 h)",Recovery (97%),6,30–2000 µm,UNKNOWN,Optical microscopy,food_water_beverages
MP_0083,FW_0083,POLY_083,BC_083,BS_083,Mussel (M. edulis),Marine animal origin,"Digestion: 30% H2O2 (80 rpm, 65°C, 24 h + rt, 24–48 h); density separation: NaCl",Recovery (95%),1.5,33–4700 µm,CP,Optical microscopy,food_water_beverages
MP_0084,FW_0084,POLY_084,BC_084,BS_084,Mussel (M. edulis),Marine animal origin,"Digestion: 10% KOH (50°C, 3 h); density separation: NaI (ρ = 2.8 g/mL)","Digestion recovery (PE 103.8 ± 0.7, PP 102.0 ± 0.2, PS 101.3 ± 0.1, PVC 97.3 ± 0.4); TGA-FTIR-GC/MS recovery (PE 103.0 ± 2.56%, PP 92.5 ± 3.66%, PS 108.5 ± 3.63%, PVC 106.0 ± 3.02%); Linearity and linearity range (R2 ≥ 0.99; PE, PP, PS 25 - 500 μg; PVC 100 - 500 μg)",0,Not Reported,UNKNOWN,TGA-FTIR-GC/MS,food_water_beverages
MP_0085,FW_0085,POLY_085,BC_085,BS_085,Mussel (M. edulis),Marine animal origin,"Digestion: 10% KOH (60°C, 24 h); density separation: as such (4 h) + 50% KI (4 h)","Recovery (PE ~100%, PP ~75%, PVC ~85%)",0.61,50–100 µm,PP,µ-FTIR,food_water_beverages
MP_0086,FW_0086,POLY_086,BC_086,BS_086,Mussel (M. edulis),Marine animal origin,"Digestion: 10% KOH (60°C, 24h); density separation: as such (4h) + 50% KI (4h)","Recovery (PE ~100%, PP ~75%, PVC ~85%)",0.9,30–200 µm,PP,µ-FTIR,food_water_beverages
MP_0087,FW_0087,POLY_087,BC_087,BS_087,Mussel (M. edulis),Marine animal origin,"Digestion: 69% NHO3 (rt, 24h + 100°C, 2 h); dilution: water (1:10 v/v, 80°C)",Not Reported,0.2,Not Reported,LDPE,Optical microscopy,food_water_beverages
MP_0088,FW_0088,POLY_088,BC_088,BS_088,Mussel (M. edulis),Marine animal origin,"Digestion: 65% HNO3 + HClO4 68% (4:1 v:v, rt, 24h + 100 C, 10 min); dilution: dilution: water (1:10 v/v, 100°C)",Not Reported,0.13,Not Reported,UNKNOWN,Optical microscopy,food_water_beverages
MP_0089,FW_0089,POLY_089,BC_089,BS_089,Mussel (M. edulis),Marine animal origin,"Microwave assisted digestion: 65% HNO3, 30% H2O4",Recovery (34%),19,10–5000 µm,UNKNOWN,Optical microscopy,food_water_beverages
MP_0090,FW_0090,POLY_090,BC_090,BS_090,Mussel (M. galloprovincialis - coastal area),Marine animal origin,"Digestion: 5% w/v Tween 20 (20 rpm, 10 min + 50°C, 2 h) + 1:4 v/v protease P3111 in 0.1 M glycine buffer mixture at pH 9.0 (50 °C, 48 h) + 20% KOH (50 °C, 36 h); density separation: NaI solution (ρ = 1.8 g/mL)","Recovery (PE 94%, PP 86%, PVC 90%)",1.06,> 20 µm,PE,Optical microscopy,food_water_beverages
MP_0091,FW_0091,POLY_091,BC_091,BS_091,Mussel (M. galloprovincialis - offshore),Marine animal origin,"Digestion: 5% w/v Tween 20 (20 rpm, 10 min + 50°C, 2 h) + 1:4 v/v protease P3111 in 0.1 M glycine buffer mixture at pH 9.0 (50 °C, 48 h) + 20% KOH (50 °C, 36 h); density separation: NaI solution (ρ = 1.8 g/mL)","Recovery (PE 94%, PP 86%, PVC 90%)",0.65,> 20 µm,PE,Optical microscopy,food_water_beverages
MP_0092,FW_0092,POLY_092,BC_092,BS_092,Mussel (M. galloprovincialis),Marine animal origin,"Drying: (60°C, 24 h); density separation: NaCl (ρ = 1.2 g /mL); filtration; digestion; 15% H2O2","Recovery (<100 µm >90%, >100 µm 95%)",0,10–5000 µm,PE,Optical microscopy,food_water_beverages
MP_0093,FW_0093,POLY_093,BC_093,BS_093,Mussel (M. galloprovincialis),Marine animal origin,"Digestion: 30% H2O2 (60°C, 1 h + 80 rpm, untill complete digestion); density separation: NaCl",Not Reported,0.05,Fibers: 530 ± 470 µm; Particles: 60.01 ± 38 µm,UNKNOWN,Epifluorence reverse microscopy,food_water_beverages
MP_0094,FW_0094,POLY_094,BC_094,BS_094,Mussel (M. galloprovincialis),Marine animal origin,"Digestion: 30% H2O2 (55–65°C, until complete evaporation of H2O2)","Recovery (PP 100%, PET 100%, PVC 90%, PE 80%, PS 60% // MP size 300 - 1000 µm)",1.9,< 1000 µm,PE,Optical microscopy,food_water_beverages
MP_0095,FW_0095,POLY_095,BC_095,BS_095,Mussel (M. galloprovincialis),Marine animal origin,"Digestion: 10% KOH (sonication 5 min; incubation 90 rpm, 24 h, 60°C)","Recovery (PP 98.6, PE 98.3, PS 97.7, PVC 96.7)",1.9,25–5000 µm,CP,Optical microscopy,food_water_beverages
MP_0096,FW_0096,POLY_096,BC_096,BS_096,Mussel (M. galloprovincialis),Marine animal origin,"Digestion: 30% H2O2 (80 rpm, 65°C, 24–48 h); density separation: NaCl solution",Not Reported,2.4,5–5000 µm,PE,Optical microscopy,food_water_beverages
MP_0097,FW_0097,POLY_097,BC_097,BS_097,Mussel (M. galloprovincialis),Marine animal origin,"Digestion: 10% KOH (rt, 48 h)",Not Reported,0.03,1200 µm,PES,Optical microscopy,food_water_beverages
MP_0098,FW_0098,POLY_098,BC_098,BS_098,Mussel (M. galloprovincialis),Marine animal origin,"Digestion: 30% H2O2 (50°C, 48 h)",Not Reported,6.2,750–6000 µm,UNKNOWN,Optical microscopy,food_water_beverages
MP_0099,FW_0099,POLY_099,BC_099,BS_099,Mussel (M. galloprovincialis),Marine animal origin,"Digestion: 10% KOH (sonication 5 min; incubation 90 rpm, 60°C, 24 h)",Not Reported,1.4,57–8639 µm,RY,Optical microscopy,food_water_beverages
MP_0100,FW_0100,POLY_100,BC_100,BS_100,"Mussel (M. galloprovincialis), clam (R. decussatus), oyster (C. gigas)",Marine animal origin,"Digestion: 10% KOH (80 rpm, 65°C, 24 h); density separation: NaCl (ρ = 140 g/L)",Not Reported,703.95,50–5000 µm,PP,Optical microscopy,food_water_beverages
MP_0101,FW_0101,POLY_101,BC_101,BS_101,"Mussel (M. galloprovincialis), clam (R. philippinarum, Re. lusoria, S. subcrenata), oyster (c. gigas), razor clam (S. constricta), sea snail (B. canaliculatus)",Marine animal origin,"Digestion: 10% KOH (sonication 5 min; incubation 90 rpm, 24 h, 60°C)",Not Reported,1.2,10–4377 µm,RY,Optical microscopy,food_water_beverages
MP_0102,FW_0102,POLY_102,BC_102,BS_102,"Mussel (M. galloprovincialis, M. edulis - Fresh)",Marine animal origin,"Digestion: 30% H2O2; (65°C, 36–48 h)",Recovery (96%),0.4,150–6000 µm,PE,Optical microscopy,food_water_beverages
MP_0103,FW_0103,POLY_103,BC_103,BS_103,"Mussel (M. galloprovincialis, M. edulis, M. chilensis - Processed)",Marine animal origin,"Digestion: 30% H2O2; (65°C, 36–48 h)",Recovery (96%),0.17,150–6000 µm,PE,Optical microscopy,food_water_beverages
MP_0104,FW_0104,POLY_104,BC_104,BS_104,Mussel (M. modiolus),Marine animal origin,"Digestion: 19.3 UHb/mL Corolase® 7089 enzyme mixture (60°C, 24 h)",Not Reported,3.5,Not Reported,PET,Optical microscopy,food_water_beverages
MP_0105,FW_0105,POLY_105,BC_105,BS_105,Mussel (Mytilus spp),Marine animal origin,"Digestion: 10% KOH (140 rpm, 60°C, 24 h)","Degradation test of different polymers; LOD (fiber 7.64, fragment 2.36); LOQ (fiber 21.37, fragment 23.92)",0,70–3870 µm,CP,Optical microscopy,food_water_beverages
MP_0106,FW_0106,POLY_106,BC_106,BS_106,Mussel (Mytilus spp),Marine animal origin,"Digestion: 9.6 UHb/mL Corolase® 7089 enzyme mixture (60°C, 24 h)",Not Reported,3.2,Not Reported,PET,Optical microscopy,food_water_beverages
MP_0107,FW_0107,POLY_107,BC_107,BS_107,Mussel (P. canaliculus),Marine animal origin,"Digestion: 69% NHO3 (rt, 24 h + 100°C, 2 h); dilution: water (80°C)",Not Reported,0,50–700 µm,PE,Optical microscopy,food_water_beverages
MP_0108,FW_0108,POLY_108,BC_108,BS_108,Mussel (P. perna),Marine animal origin,"Digestion: 10% KOH + 30% H2O2 (40°C, 72 h)",Recovery (100%),0.87,Not Reported,PE,Optical microscopy,food_water_beverages
MP_0109,FW_0109,POLY_109,BC_109,BS_109,"Mussel (P. perna, farmed depurated)",Marine animal origin,"Digestion: 30% H2O2 (rt, 7 days); density separation: NaCl",Not Reported,18.4,> 45 µm,PA,Optical microscopy,food_water_beverages
MP_0110,FW_0110,POLY_110,BC_110,BS_110,"Mussel (P. perna, farmed not depurated)",Marine animal origin,"Digestion: 30% H2O2 (rt, 7 days); density separation: NaCl",Not Reported,25.9,> 45 µm,PA,Optical microscopy,food_water_beverages
MP_0111,FW_0111,POLY_111,BC_111,BS_111,"Mussel (P. perna, wild depurated)",Marine animal origin,"Digestion: 30% H2O2 (rt, 7 days); density separation: NaCl",Not Reported,16.6,> 45 µm,PA,Optical microscopy,food_water_beverages
MP_0112,FW_0112,POLY_112,BC_112,BS_112,"Mussel (P. perna, wild not depurated)",Marine animal origin,"Digestion: 30% H2O2 (rt, 7 days); density separation: NaCl",Not Reported,31.2,> 45 µm,PA,Optical microscopy,food_water_beverages
MP_0113,FW_0113,POLY_113,BC_113,BS_113,Mussel (P. viridis),Marine animal origin,"Digestion: 10% KOH (125 rpm, 40°C, 72 h); staining: Nile red 5 µg/mL (30 min)",Not Reported,3.28,21.06–1500 µm,PU,Fluorescence microscopy,food_water_beverages
MP_0114,FW_0114,POLY_114,BC_114,BS_114,Mussel (P. viridis),Marine animal origin,"Digestion: 10% KOH + 14% EDTA + 30% H2O2 (40°C, 48 h)","Recovery (PP 94.0 ± 8.94, PE 92.0 ± 4.47, PS 96.0 ± 5.48, PA 100 ± 0.00, PMMA 98.0 ± 8.37, PET 100 ± 0.00, PVC 96.0 ± 5.48)",32.7,>30 µm,PP,Optical microscopy,food_water_beverages
MP_0115,FW_0115,POLY_115,BC_115,BS_115,Mussel (P. viridis),Marine animal origin,"Digestion: 10% KOH + 30% H2O2 (40°C, 72 h)",Recovery (100%),0.87,Not Reported,PE,Optical microscopy,food_water_beverages
MP_0116,FW_0116,POLY_116,BC_116,BS_116,Mussel (P. viridis),Marine animal origin,"Digestion: 10% KOH (60°C, 24 h); density separation: 50% KI",Not Reported,2.06,Not Reported,PP,µ-FTIR,food_water_beverages
MP_0117,FW_0117,POLY_117,BC_117,BS_117,Mussel (Stuffed),Marine animal origin,"Digestion: KOH/NaClO/H2O2 1:1:5 (rt, 10 days); density separatio: NaI (ρ = 1.6 g/mL)",Not Reported,0.63,500–5000 µm,PE,Optical microscopy,food_water_beverages
MP_0118,FW_0118,POLY_118,BC_118,BS_118,"Mussels (C. meridionalis, M. meridionalis)",Marine animal origin,"Digestion: 10% KOH (60°C, 48 h)",Recovery (85 - 90%),3.83,250–1000 µm,PET,Optical microscopy,food_water_beverages
MP_0119,FW_0119,POLY_119,BC_119,BS_119,"Mussels (M. edulis, M. galloprovincialis - Wild)",Marine animal origin,"Digestion: 10% KOH (60°C, 24 h)",Not Reported,0.41,Not Reported,PS,Optical microscopy,food_water_beverages
MP_0120,FW_0120,POLY_120,BC_120,BS_120,Mussels (M. galloprovincialis),Marine animal origin,"Digestion: 10% KOH (50°C, untill complete digestion); density separation: NaCl (ρ = 1.2 g /mL)",Recovery (95%),3.8,Not Reported,UNKNOWN,Optical microscopy,food_water_beverages
MP_0121,FW_0121,POLY_121,BC_121,BS_121,"Mussels (M. galloprovincialis, C. meridionalis, A. ater)",Marine animal origin,"Digestion: 10% KOH (60°C, 24 h)",Not Reported,4.27,50–1000 µm,UNKNOWN,Optical microscopy,food_water_beverages
MP_0122,FW_0122,POLY_122,BC_122,BS_122,Northern whiting (S. sihama),Marine animal origin,"Digestion: 35% H2O2; 4% KOH (60°C, 72 h) + 68% HClO4 and 65% HNO3 (Few minutes)",Not Reported,16,Not Reported,UNKNOWN,Optical microscopy,food_water_beverages
MP_0123,FW_0123,POLY_123,BC_123,BS_123,Obtuse barracuda (S. obtusata),Marine animal origin,"Digestion: 10% KOH (60°C, 24 h)",Not Reported,0,115–210 µm,PE,Optical microscopy,food_water_beverages
MP_0124,FW_0124,POLY_124,BC_124,BS_124,Orange-spotted grouper (E. coioides),Marine animal origin,"Digestion: 10% KOH (40°C, 48 h)",Not Reported,7.75,Not Reported,UNKNOWN,Optical microscopy,food_water_beverages
MP_0125,FW_0125,POLY_125,BC_125,BS_125,Orange-spotted grouper (E. coioides),Marine animal origin,"Digestion: 10% KOH (40°C, 48 h)",Not Reported,0.158,Fibers 50–8000 µm; Fragments <500 µm,UNKNOWN,Optical microscopy,food_water_beverages
MP_0126,FW_0126,POLY_126,BC_126,BS_126,Orient clam (M. lusoria),Marine animal origin,"Digestion: 30% H2O2 (80 rpm, 65°C, 24–48 h); density separation: NaCl solution",Not Reported,4.1,5–5000 µm,PE,Optical microscopy,food_water_beverages
MP_0127,FW_0127,POLY_127,BC_127,BS_127,Oyster,Marine animal origin,"Digestion: lipase, protease (200 rpm, 60°C, 24 h); density separation NaCL (ρ = 1.2 g/mL)","Recovery (PE 100%, PP 97 ± 6%, EPS 90 ± 10%, polyester 60 ± 10%)",1.13,50–1000 µm,PE,µ-FTIR,food_water_beverages
MP_0128,FW_0128,POLY_128,BC_128,BS_128,Oyster (A. plicatula),Marine animal origin,"Digestion: 30% H2O2 (80 rpm, 65°C, 24–48 h); density separation: NaCl solution",Not Reported,5.7,5–5000 µm,PE,Optical microscopy,food_water_beverages
MP_0129,FW_0129,POLY_129,BC_129,BS_129,Oyster (Background area),Marine animal origin,"Digestion: 10% KOH (70 rpm, 60–65°C, 24 h + rt, 24 h); density separation: saturated NaI solution; staining: 0.1 µg/L Nile red",Not Reported,0.06,100–500 µm,PET,Optical microscopy,food_water_beverages
MP_0130,FW_0130,POLY_130,BC_130,BS_130,Oyster (C. gasar - Epatopancreas),Marine animal origin,"Digestion: 10% KOH (40°C, 48 h); density separation: NaCl",Not Reported,0.64,30–5000 µm,UNKNOWN,Optical microscopy,food_water_beverages
MP_0131,FW_0131,POLY_131,BC_131,BS_131,"Oyster (C. gigas - Depurated, 3 days)",Marine animal origin,"Digestion: 69% NHO3 (rt, 24h + 100°C, 2 h); dilution: water (1:10 v/v, 80°C)",Not Reported,0.35,Not Reported,UNKNOWN,Optical microscopy,food_water_beverages
MP_0132,FW_0132,POLY_132,BC_132,BS_132,Oyster (C. gigas - Untreated),Marine animal origin,"Digestion: 69% NHO3 (rt, 24h + 100°C, 2 h); dilution: water (1:10 v/v, 80°C)",Not Reported,0.47,Not Reported,UNKNOWN,Optical microscopy,food_water_beverages
MP_0133,FW_0133,POLY_133,BC_133,BS_133,Oyster (C. gigas),Marine animal origin,Digestions: 10% KOH (24 h); density separation: NaCl (ρ = 1.2 g/cm3),Not Reported,10.95,Not Reported,PET,Optical microscopy,food_water_beverages
MP_0134,FW_0134,POLY_134,BC_134,BS_134,Oyster (C. gigas),Marine animal origin,"Digestion: 30% H2O2 (60°C, 1 h + 80 rpm, untill complete digestion); density separation: NaCl",Not Reported,0,Fibers: 530 ± 470 µm; Particles: 60.01 ± 38 µm,UNKNOWN,Epifluorence reverse microscopy,food_water_beverages
MP_0135,FW_0135,POLY_135,BC_135,BS_135,Oyster (C. gigas),Marine animal origin,"Digestion: 10% KOH (100 rpm, 60°C, 24 h); density separation: lithium metatungstate (ρ = 1.6 g/cm3)","Recovery (PE 100%, EPS 100%, PP 93 ± 6%, PA-6 93 ± 6%, PES 90 ± 14%); LOD (PE 0.24, PP 0.24, PS 0.24, PES 0.51, PEVA 0.51)",0.77,100–200 µm,PE,µ-FTIR,food_water_beverages
MP_0136,FW_0136,POLY_136,BC_136,BS_136,Oyster (C. gigas),Marine animal origin,"Digestion: 10% KOH (60°C, 24 h); density separation: CaCl2 (ρ = 1.4 g/mL)",Not Reported,0.1,10–5000 µm,PES,Optical microscopy,food_water_beverages
MP_0137,FW_0137,POLY_137,BC_137,BS_137,Oyster (C. gigas),Marine animal origin,"Microwave assisted digestion: 65% HNO3, 30% H2O5",Recovery (34%),30,10–5000 µm,UNKNOWN,Optical microscopy,food_water_beverages
MP_0138,FW_0138,POLY_138,BC_138,BS_138,Oyster (C. gigas),Marine animal origin,"Digestion: 30% H2O2 (80 rpm, 65°C, 24 h); density separation: 25% saline solution",Not Reported,0.04,50–150 µm,PP,Optical microscopy,food_water_beverages
MP_0139,FW_0139,POLY_139,BC_139,BS_139,Oyster (C. gigas),Marine animal origin,"Digestion: 10% KOH (60°C, 24 h); density separation: as such (4 h) + 50% KI (4 h)","Recovery (PE ~100%, PP ~75%, PVC ~85%)",2.1,50–100 µm,PE,µ-FTIR,food_water_beverages
MP_0140,FW_0140,POLY_140,BC_140,BS_140,Oyster (C. gigas),Marine animal origin,"Digestion: 10% KOH (135 rpm, 60°C, 24 h); ASE dichloromethane (180°C, 1500 psi)","Recovery (PS 83.1 ± 17.9, PE 85.7 ± 6.5, PP 78.3 ± 18.5, PVC 86.5 ± 13.1, PMMA 100.7 ± 14.5, PET 32.1 ± 11); Linearity and linearity range (R2 ≥ 0.98, 0.02 - 10 μg); LOD (PS 0.05 - 0.70 μg, PE 0.62 - 8.05 μg, PVC 0.81 -10.82 μg, PP 0.07 - 10.82 μg, PMMA 0.74 - 13.96 μg); LOQ (PS 0.07 - 0.96 μg, PE 0.72 - 9.41 μg, PVC 0.83 - 10.93 μg, PP 0.19 - 2.45 μg, PMMA 1.86 - 24.29 μg)",0,Not Reported,PS,Py-GC/MS,food_water_beverages
MP_0141,FW_0141,POLY_141,BC_141,BS_141,Oyster (C. gigas),Marine animal origin,"Digestion: 10% KOH (135 rpm, 60°C, 24 h)",Not Reported,0,159–2236 µm,PP,Optical microscopy,food_water_beverages
MP_0142,FW_0142,POLY_142,BC_142,BS_142,Oyster (C. gigas),Marine animal origin,"Digestion: 10% KOH (135 rpm, 60°C, 24 h); sequential filtration (size fractions > 22 μm / 1–22 μm / < 1 μm); ASE dichloromethane (180 °C, 1500 psi)","Linearity and linearity range (R2 ≥ 0.98, 0.02 - 10 μg); LOD (PS 0.45 µg/g, PE 0.57 µg/g, PVC 0.66 µg/g, PP 0.53 µg/g, PMMA 0.60 µg/g); LOQ (PS 0.61 µg/g, PE 5.97 µg/g, PVC 6.94 µg/g, PP 1.56 µg/g, PMMA 15.42 µg/g)",0,> 22 µm,PP,Py-GC/MS,food_water_beverages
MP_0143,FW_0143,POLY_143,BC_143,BS_143,Oyster (C. gigas),Marine animal origin,"Digestion: 10% KOH (135 rpm, 60°C, 24 h); sequential filtration (size fractions > 22 μm / 1–22 μm / < 1 μm); ASE dichloromethane (180 °C, 1500 psi)","Linearity and linearity range (R2 ≥ 0.98, 0.02 - 10 μg); LOD (PS 0.45 µg/g, PE 0.57 µg/g, PVC 0.66 µg/g, PP 0.53 µg/g, PMMA 0.60 µg/g); LOQ (PS 0.61 µg/g, PE 5.97 µg/g, PVC 6.94 µg/g, PP 1.56 µg/g, PMMA 15.42 µg/g)",0,1–22 µm,PP,Py-GC/MS,food_water_beverages
MP_0144,FW_0144,POLY_144,BC_144,BS_144,Oyster (C. gigas),Marine animal origin,"Digestion: 10% KOH (135 rpm, 60°C, 24 h); sequential filtration (size fractions > 22 μm / 1–22 μm / < 1 μm); ASE dichloromethane (180 °C, 1500 psi)","Linearity and linearity range (R2 ≥ 0.98, 0.02 - 10 μg); LOD (PS 0.45 µg/g, PE 0.57 µg/g, PVC 0.66 µg/g, PP 0.53 µg/g, PMMA 0.60 µg/g); LOQ (PS 0.61 µg/g, PE 5.97 µg/g, PVC 6.94 µg/g, PP 1.56 µg/g, PMMA 15.42 µg/g)",0,< 1 µm,PP,Py-GC/MS,food_water_beverages
MP_0145,FW_0145,POLY_145,BC_145,BS_145,Oyster (C. gigas),Marine animal origin,Digestion:10% KOH (60°C),Not Reported,0.6,> 500 µm,UNKNOWN,Optical microscopy,food_water_beverages
MP_0146,FW_0146,POLY_146,BC_146,BS_146,"Oyster (C. gigas, C. angulate, C. hongkongensis, C. sikamea)",Marine animal origin,"Digestion: 10% KOH + 30% H2O2 (60°C, 48 h)",Not Reported,2.93,20.34–4807.22 µm,CP,Optical microscopy,food_water_beverages
MP_0147,FW_0147,POLY_147,BC_147,BS_147,Oyster (C. hongkongensis),Marine animal origin,"Digestion: 10% KOH (80 rpm, 40°C, 48–96 h)",Not Reported,3.2,Not Reported,RY,Optical microscopy,food_water_beverages
MP_0148,FW_0148,POLY_148,BC_148,BS_148,Oyster (C. virginica),Marine animal origin,"Digestion: 30% H2O2 (80 rpm, 65°C, 24 h)","Recovery (PA-6 91%, PP 92%)",7.6,Not Reported,UNKNOWN,"Optical microscopy,",food_water_beverages
MP_0149,FW_0149,POLY_149,BC_149,BS_149,Oyster (O. denselamellosa),Marine animal origin,"Digestion: 10% KOH + 30% H2O2 (60°C, 24 h)",Not Reported,1.67,74–2000 µm,UNKNOWN,Optical microscopy,food_water_beverages
MP_0150,FW_0150,POLY_150,BC_150,BS_150,Oyster (O. edulis),Marine animal origin,"Drying: (60°C, 24 h); density separation: NaCl (ρ = 1.2 g /mL); filtration; digestion; 15% H2O2","Recovery (<100 µm >90%, >100 µm 95%)",0,11–5000 µm,PE,Optical microscopy,food_water_beverages
MP_0151,FW_0151,POLY_151,BC_151,BS_151,Oyster (P. radiata),Marine animal origin,Digestion: 30% H2O2,Not Reported,3.9,10–5000 µm,PE,Optical microscopy,food_water_beverages
MP_0152,FW_0152,POLY_152,BC_152,BS_152,Oyster (Port area),Marine animal origin,"Digestion: 10% KOH (70 rpm, 60–65°C, 24 h + rt, 24 h); density separation: saturated NaI solution; staining: 0.1 µg/L Nile red",Not Reported,0.15,100–500 µm,PET,Optical microscopy,food_water_beverages
MP_0153,FW_0153,POLY_153,BC_153,BS_153,Oyster (S. cucullata),Marine animal origin,"Digestion: 10% KOH (80 rpm, 65°C, 24 h); density separation: NaCl",Not Reported,1.4,Not Reported,PET,Optical microscopy,food_water_beverages
MP_0154,FW_0154,POLY_154,BC_154,BS_154,Oyster (S. forskalii - Coastal fishery village),Marine animal origin,"Digestion: 69% NHO3 (rt, 24 h + 100°C, 2 h); dilution: water (1:10 v/v, 80°C)",Not Reported,0.57,Not Reported,PS,Optical microscopy,food_water_beverages
MP_0155,FW_0155,POLY_155,BC_155,BS_155,Oyster (S. forskalii - Royal Thai Naval base),Marine animal origin,"Digestion: 69% NHO3 (rt, 24 h + 100°C, 2 h); dilution: water (1:10 v/v, 80°C)",Not Reported,0.43,Not Reported,PS,Optical microscopy,food_water_beverages
MP_0156,FW_0156,POLY_156,BC_156,BS_156,Oyster (S. forskalii - Tourist destination),Marine animal origin,"Digestion: 69% NHO3 (rt, 24 h + 100°C, 2 h); dilution: water (1:10 v/v, 80°C)",Not Reported,0.37,Not Reported,PS,Optical microscopy,food_water_beverages
MP_0157,FW_0157,POLY_157,BC_157,BS_157,Patagonian scallops (Z. patagonica),Marine animal origin,"Digestion: 30% H2O2 (80 rpm, 65°C, 24 h + rt, 24–48 h)",Not Reported,0.32,10–5000 µm,PE,Optical microscopy,food_water_beverages
MP_0158,FW_0158,POLY_158,BC_158,BS_158,Periwinkle (L. littorea),Marine animal origin,"Microwave assisted digestion: 65% HNO3, 30% H2O4",Recovery (34%),2,Not Reported,UNKNOWN,Optical microscopy,food_water_beverages
MP_0159,FW_0159,POLY_159,BC_159,BS_159,Periwinkle (L. littorea),Marine animal origin,"Microwave assisted digestion: 65% HNO3, 30% H2O3",Recovery (34%),20,10–5000 µm,UNKNOWN,Optical microscopy,food_water_beverages
MP_0160,FW_0160,POLY_160,BC_160,BS_160,Periwinkle (Littoraria sp - Coastal fishery village),Marine animal origin,"Digestion: 69% NHO3 (rt, 24 h + 100°C, 2 h); dilution: water (1:10 v/v, 80°C)",Not Reported,0.23,Not Reported,PS,Optical microscopy,food_water_beverages
MP_0161,FW_0161,POLY_161,BC_161,BS_161,Periwinkle (Littoraria sp - Royal Thai Naval base),Marine animal origin,"Digestion: 69% NHO3 (rt, 24 h + 100°C, 2 h); dilution: water (1:10 v/v, 80°C)",Not Reported,0.17,Not Reported,PS,Optical microscopy,food_water_beverages
MP_0162,FW_0162,POLY_162,BC_162,BS_162,Plaice (P. platessa),Marine animal origin,"Digestion: 30% H2O2 (80 rpm, 65°C, 24 h + rt, 24–48 h)",Not Reported,0.77,8–5000 µm,PE,Optical microscopy,food_water_beverages
MP_0163,FW_0163,POLY_163,BC_163,BS_163,Prawn (P. aemisulcatus),Marine animal origin,"Digestion: 10% KOH (40°C, 48 h)",Not Reported,0.36,Fibers 50–8000 µm; Fragments <500 µm,UNKNOWN,Optical microscopy,food_water_beverages
MP_0164,FW_0164,POLY_164,BC_164,BS_164,Prawn (P. esculentus),Marine animal origin,"Digestion: 10% KOH (135 rpm, 60°C, 24 h); ASE dichloromethane (180°C, 1500 psi)","Recovery (PS 83.1 ± 17.9, PE 85.7 ± 6.5, PP 78.3 ± 18.5, PVC 86.5 ± 13.1, PMMA 100.7 ± 14.5, PET 32.1 ± 11); Linearity and linearity range (R2 ≥ 0.98, 0.02 - 10 μg); LOD (PS 0.05 - 0.70 μg, PE 0.62 - 8.05 μg, PVC 0.81 -10.82 μg, PP 0.07 - 10.82 μg, PMMA 0.74 - 13.96 μg); LOQ (PS 0.07 - 0.96 μg, PE 0.72 - 9.41 μg, PVC 0.83 - 10.93 μg, PP 0.19 - 2.45 μg, PMMA 1.86 - 24.29 μg)",0,Not Reported,PS,Py-GC/MS,food_water_beverages
MP_0165,FW_0165,POLY_165,BC_165,BS_165,Prawn (P. indicus),Marine animal origin,"Digestion: 35% H2O2; 4% KOH (60°C, 72 h) + 68% HClO4 and 65% HNO3 (Few minutes)",Not Reported,13.8,Not Reported,UNKNOWN,Optical microscopy,food_water_beverages
MP_0166,FW_0166,POLY_166,BC_166,BS_166,Prawn (P. kerathurus),Marine animal origin,"Drying: (60°C, 24 h); density separation: NaCl (ρ = 1.2 g /mL); filtration; digestion; 15% H2O2","Recovery (<100 µm >90%, > 100 µm 95%)",1,13–5000 µm,PE,Optical microscopy,food_water_beverages
MP_0167,FW_0167,POLY_167,BC_167,BS_167,Prawn (S. semisulcatus),Marine animal origin,"Digestion: 35% H2O2; 4% KOH (60°C, 72 h) + 68% HClO4 and 65% HNO3 (Few minutes)",Not Reported,12,Not Reported,UNKNOWN,Optical microscopy,food_water_beverages
MP_0168,FW_0168,POLY_168,BC_168,BS_168,Rainbow sardine (D. acuta),Marine animal origin,"Digestion: 10% KOH (60°C, 24 h)",Not Reported,0.1,115–210 µm,PE,Optical microscopy,food_water_beverages
MP_0169,FW_0169,POLY_169,BC_169,BS_169,Razor clams (S. patula),Marine animal origin,Digestions: 10% KOH (24 h); density separation: NaCl (ρ = 1.2 g/cm3),Not Reported,8.84,Not Reported,PET,Optical microscopy,food_water_beverages
MP_0170,FW_0170,POLY_170,BC_170,BS_170,Sardine (S. longiceps),Marine animal origin,"Digestion: 10% KOH (60°C, 24 h)",Not Reported,0.1,115–210 µm,PE,Optical microscopy,food_water_beverages
MP_0171,FW_0171,POLY_171,BC_171,BS_171,Sardines (S. neopilchardus),Marine animal origin,"Digestion: 10% KOH (135 rpm, 60°C, 24 h); ASE dichloromethane (180°C, 1500 psi)","Recovery (PS 83.1 ± 17.9, PE 85.7 ± 6.5, PP 78.3 ± 18.5, PVC 86.5 ± 13.1, PMMA 100.7 ± 14.5, PET 32.1 ± 11); Linearity and linearity range (R2 ≥ 0.98, 0.02 - 10 μg); LOD (PS 0.05 - 0.70 μg, PE 0.62 - 8.05 μg, PVC 0.81 -10.82 μg, PP 0.07 - 10.82 μg, PMMA 0.74 - 13.96 μg); LOQ (PS 0.07 - 0.96 μg, PE 0.72 - 9.41 μg, PVC 0.83 - 10.93 μg, PP 0.19 - 2.45 μg, PMMA 1.86 - 24.29 μg)",0,Not Reported,PS,Py-GC/MS,food_water_beverages
MP_0172,FW_0172,POLY_172,BC_172,BS_172,Scallop (C. farreri),Marine animal origin,"Digestion: 10% KOH (sonication 5 min; incubation 90 rpm, 24 h, 60°C)","Recovery (PP 98.6, PE 98.3, PS 97.7, PVC 96.7)",5.2,25–5000 µm,CP,Optical microscopy,food_water_beverages
MP_0173,FW_0173,POLY_173,BC_173,BS_173,Scallop (P. yessoensis),Marine animal origin,"Digestion: 10% KOH (100 rpm, 60°C, 24 h); density separation: lithium metatungstate (ρ = 1.6 g/cm3)","Recovery (PE 100%, EPS 100%, PP 93 ± 6%, PA-6 93 ± 6%, PES 90 ± 14%); LOD (PE 0.24, PP 0.24, PS 0.24, PES 0.51, PEVA 0.51)",1.21,100–200 µm,PE,µ-FTIR,food_water_beverages
MP_0174,FW_0174,POLY_174,BC_174,BS_174,Scallop (P. yessoensis),Marine animal origin,"Digestion: 30% H2O2 (80 rpm, 65°C, 24–48 h); density separation: NaCl solution",Not Reported,2.3,5–5000 µm,PE,Optical microscopy,food_water_beverages
MP_0175,FW_0175,POLY_175,BC_175,BS_175,Scampi (N. norvegicus),Marine animal origin,"Drying: (60°C, 24 h); density separation: NaCl (ρ = 1.2 g /mL); filtration; digestion; 15% H2O2","Recovery (<100 µm >90%, > 100 µm 95%)",1,14–5000 µm,PE,Optical microscopy,food_water_beverages
MP_0176,FW_0176,POLY_176,BC_176,BS_176,Scottish scallops (P. maximus),Marine animal origin,"Digestion: 30% H2O2 (80 rpm, 65°C, 24 h + rt, 24–48 h)",Not Reported,0.17,9–5000 µm,PE,Optical microscopy,food_water_beverages
MP_0177,FW_0177,POLY_177,BC_177,BS_177,Sea bass (S. scriba),Marine animal origin,"Digestion: 10% KOH (60°C, 24h)",Not Reported,6.03,> 0.45 µm,UNKNOWN,Raman,food_water_beverages
MP_0178,FW_0178,POLY_178,BC_178,BS_178,Sea urnich (P. lividus),Marine animal origin,"Drying: (60°C, 24 h); density separation: NaCl (ρ = 1.2 g /mL); filtration; digestion; 15% H2O2","Recovery (<100 µm >90%, > 100 µm 95%)",1,15–5000 µm,PE,Optical microscopy,food_water_beverages
MP_0179,FW_0179,POLY_179,BC_179,BS_179,Seabass (D. labrax),Marine animal origin,"Digestion: 30% H2O2 (80 rpm, 65°C, 24 h + rt, 24–48 h)",Not Reported,0.18,6–5000 µm,PE,Optical microscopy,food_water_beverages
MP_0180,FW_0180,POLY_180,BC_180,BS_180,Seabass (D. labrax),Marine animal origin,"Digestion: 10% KOH (60°C, 24h)",Not Reported,0.4,Not Reported,PE,Optical microscopy,food_water_beverages
MP_0181,FW_0181,POLY_181,BC_181,BS_181,Seabass (L. maculatus),Marine animal origin,"Digestion: 30% H2O2 (80 rpm, 65°C, 72 h)",Not Reported,0,Not Reported,UNKNOWN,Optical microscopy,food_water_beverages
MP_0182,FW_0182,POLY_182,BC_182,BS_182,Shad (A. chacunda),Marine animal origin,"Digestion: 10% KOH (60°C, 24 h)",Not Reported,0.03,115–210 µm,PE,Optical microscopy,food_water_beverages
MP_0183,FW_0183,POLY_183,BC_183,BS_183,Shrimp (A. djedaba),Marine animal origin,"Digestion: 10% KOH (40°C, 48 h)",Not Reported,8,Not Reported,UNKNOWN,Optical microscopy,food_water_beverages
MP_0184,FW_0184,POLY_184,BC_184,BS_184,Shrimp (C. affinis),Marine animal origin,"Digestion: 65% HNO3 + 30% H2O2 (1:3, v/v); density separation: NaI solution (ρ = 1.8 g/mL)",Not Reported,8.6,50–5000 µm,UNKNOWN,Optical microscopy,food_water_beverages
MP_0185,FW_0185,POLY_185,BC_185,BS_185,Shrimp (C. allmanni),Marine animal origin,Digestions: 10% KOH (50°C overnight); density separation: NaCl (ρ = 1.2 g/cm3),Not Reported,1.8,43–9000 µm,PE,Optical microscopy,food_water_beverages
MP_0186,FW_0186,POLY_186,BC_186,BS_186,Shrimp (F. indicus),Marine animal origin,"Digestion: 10% KOH (60°C, 24 h)",Not Reported,0.39,157–2785 µm,PA,Optical microscopy,food_water_beverages
MP_0187,FW_0187,POLY_187,BC_187,BS_187,Shrimp (F. indicus),Marine animal origin,"Digestion: 10% KOH (60 °C, 24 h)",Not Reported,0,130–286 µm,PP,Optical microscopy,food_water_beverages
MP_0188,FW_0188,POLY_188,BC_188,BS_188,Shrimp (M. affini),Marine animal origin,"Digestion: 10% KOH ( 80 rpm, 60°C, 48 h); density separation: NaI saturated solution",Not Reported,1.02,Not Reported,PET,Optical microscopy,food_water_beverages
MP_0189,FW_0189,POLY_189,BC_189,BS_189,Shrimp (M. dobsoni),Marine animal origin,"Digestion: 10% KOH (60 °C, 24 h)",Not Reported,0,130–286 µm,PP,Optical microscopy,food_water_beverages
MP_0190,FW_0190,POLY_190,BC_190,BS_190,Shrimp (M. monocerous),Marine animal origin,"Digestion: 30% H2O2 (80 rpm, 65°C, 24 h); density separation: NaCl (ρ = 1.2 g/mL)",Not Reported,7.8,< 5000 µm,PA,Optical microscopy,food_water_beverages
MP_0191,FW_0191,POLY_191,BC_191,BS_191,Shrimp (P. hardwickii),Marine animal origin,"Digestion: 10% KOH + 30% H2O2 (60°C, 24 h)",Not Reported,0.95,74–2000 µm,UNKNOWN,Optical microscopy,food_water_beverages
MP_0192,FW_0192,POLY_192,BC_192,BS_192,Shrimp (P. monodon),Marine animal origin,"Digestion: 30% H2O2 (80 rpm, 65°C, 24 h); density separation: NaCl (ρ = 1.2 g/mL)",Not Reported,6.6,< 5000 µm,PA,Optical microscopy,food_water_beverages
MP_0193,FW_0193,POLY_193,BC_193,BS_193,Shrimp (S. mantis),Marine animal origin,"Drying: (60°C, 24 h); density separation: NaCl (ρ = 1.2 g /mL); filtration; digestion; 15% H2O2","Recovery (<100 µm >90%, > 100 µm 95%)",1.25,12–5000 µm,PE,Optical microscopy,food_water_beverages
MP_0194,FW_0194,POLY_194,BC_194,BS_194,Shrimp paste,Marine animal origin,Digestion: 30% H2O2 (55–65 ℃); density separation: NaCl (ρ = 250 g/mL),Not Reported,0.6,101–2000 µm,PET,Visual identification,food_water_beverages
MP_0195,FW_0195,POLY_195,BC_195,BS_195,Silver sillago (S. sihama),Marine animal origin,"Digestion: 30% H2O2 (65°C, 24–48 h)",Not Reported,0,Not Reported,UNKNOWN,Optical microscopy,food_water_beverages
MP_0196,FW_0196,POLY_196,BC_196,BS_196,"Snapper (L. johni, L. malabaricus, L. fulviflammus)",Marine animal origin,"Digestion: 30% H2O2 (65°C, 24–48 h)",Not Reported,0,Not Reported,UNKNOWN,Optical microscopy,food_water_beverages
MP_0197,FW_0197,POLY_197,BC_197,BS_197,Spangled emperor (L. nebulosus),Marine animal origin,"Digestion: 30% H2O2 (65°C, 24–48 h)",Not Reported,0,Not Reported,UNKNOWN,Optical microscopy,food_water_beverages
MP_0198,FW_0198,POLY_198,BC_198,BS_198,Squid (N. gouldi),Marine animal origin,"Digestion: 10% KOH (135 rpm, 60°C, 24 h); ASE dichloromethane (180°C, 1500 psi)","Recovery (PS 83.1 ± 17.9, PE 85.7 ± 6.5, PP 78.3 ± 18.5, PVC 86.5 ± 13.1, PMMA 100.7 ± 14.5, PET 32.1 ± 11); Linearity and linearity range (R2 ≥ 0.98, 0.02 - 10 μg); LOD (PS 0.05 - 0.70 μg, PE 0.62 - 8.05 μg, PVC 0.81 -10.82 μg, PP 0.07 - 10.82 μg, PMMA 0.74 - 13.96 μg); LOQ (PS 0.07 - 0.96 μg, PE 0.72 - 9.41 μg, PVC 0.83 - 10.93 μg, PP 0.19 - 2.45 μg, PMMA 1.86 - 24.29 μg)",0,Not Reported,PS,Py-GC/MS,food_water_beverages
MP_0199,FW_0199,POLY_199,BC_199,BS_199,Squid (U. duvaucelii),Marine animal origin,"Digestion: 10% KOH (60 °C, 24 h)",Not Reported,0.18,130–286 µm,PP,Optical microscopy,food_water_beverages
MP_0200,FW_0200,POLY_200,BC_200,BS_200,Thryssa (T. dussumieri),Marine animal origin,"Digestion: 10% KOH (60°C, 24 h)",Not Reported,0.1,115–210 µm,PE,Optical microscopy,food_water_beverages
MP_0201,FW_0201,POLY_201,BC_201,BS_201,Trevally (C. malabaricus),Marine animal origin,"Digestion: 30% H2O2 (65°C, 24–48 h)",Not Reported,0,Not Reported,UNKNOWN,Optical microscopy,food_water_beverages
MP_0202,FW_0202,POLY_202,BC_202,BS_202,Tuna (Canned in brine),Marine animal origin,"Digestion: 10% KOH (40 °C, 24 h)",Not Reported,0.22,Fibers 1–5 mm; Fragments 10–50 µm; Films 100–500 µm,PET,Optical microscopy,food_water_beverages
MP_0203,FW_0203,POLY_203,BC_203,BS_203,Tuna (Canned in olive oil),Marine animal origin,"Digestion: 10% KOH (40 °C, 24 h)",Not Reported,0.09,Fibers 1–5 mm; Fragments 10–50 µm; Films 100–500 µm,PET,Optical microscopy,food_water_beverages
MP_0204,FW_0204,POLY_204,BC_204,BS_204,Tuna (Canned in soybean oil),Marine animal origin,"Digestion: 10% KOH (40 °C, 24 h)",Not Reported,0.07,Fibers 1–5 mm; Fragments 10–50 µm; Films 100–500 µm,PET,Optical microscopy,food_water_beverages
MP_0205,FW_0205,POLY_205,BC_205,BS_205,Tuna (Canned in sunflower oil),Marine animal origin,"Digestion: 10% KOH (40 °C, 24 h)",Not Reported,0.27,Fibers 1–5 mm; Fragments 10–50 µm; Films 100–500 µm,PET,Optical microscopy,food_water_beverages
MP_0206,FW_0206,POLY_206,BC_206,BS_206,Tuna (T. tonggol).,Marine animal origin,"Digestion: 30% H2O2 (65°C, 24–48 h)",Not Reported,0,Not Reported,UNKNOWN,Optical microscopy,food_water_beverages
MP_0207,FW_0207,POLY_207,BC_207,BS_207,Urchin,Marine animal origin,"Digestion: 10% KOH (60 rpm, 40°C, 48 h)",Not Reported,2.2,27–4742 µm,CP,Optical microscopy,food_water_beverages
MP_0208,FW_0208,POLY_208,BC_208,BS_208,Urchin (B. lyrifera),Marine animal origin,Digestions: 10% KOH (50°C overnight); density separation: NaCl (ρ = 1.2 g/cm3),Not Reported,1.8,42–9000 µm,PE,Optical microscopy,food_water_beverages
MP_0209,FW_0209,POLY_209,BC_209,BS_209,Chicken breast (Packaged in extruded polyestere tray),Terrestrial animal origin,Rinse: water,Not Reported,4,300 – 450 µm,XPS,Optical microscopy,food_water_beverages
MP_0210,FW_0210,POLY_210,BC_210,BS_210,Chicken crop,Terrestrial animal origin,Density separation: demineralized water,Not Reported,1.5,100 – 5000 µm,UNKNOWN,Optical microscopy,food_water_beverages
MP_0211,FW_0211,POLY_211,BC_211,BS_211,Chicken gizzard,Terrestrial animal origin,Density separation: demineralized water,Not Reported,6.1,1000 – 5000 µm,UNKNOWN,Optical microscopy,food_water_beverages
MP_0212,FW_0212,POLY_212,BC_212,BS_212,Milk,Terrestrial animal origin,Warming,Not Reported,3,100 – 5000 µm,PES,SEM-EDS,food_water_beverages
MP_0213,FW_0213,POLY_213,BC_213,BS_213,Milk (Skimmed),Terrestrial animal origin,Dilution: 1:1 v/v distilled water; sieving (250 µm); digestion: 30% H2O2; sieving (250 µm),Not Reported,16,Fibers; 13.45 – 6742.48 µm; Particles: ; 2.48 – 247.54 µm,PE,Optical microscopy,food_water_beverages
MP_0214,FW_0214,POLY_214,BC_214,BS_214,Terrestrail snail  (H. pomatia),Terrestrial animal origin,"Digestion: 22.5M HNO3 (60°C, 2h)",Not Reported,0.01,100 – 2500 µm,UNKNOWN,Optical microscopy,food_water_beverages
MP_0215,FW_0215,POLY_215,BC_215,BS_215,Terrestrial snail (H. aspersa),Terrestrial animal origin,"Digestion: 22.5M HNO3 (60°C, 2h)",Not Reported,0.1,100 – 2500 µm,UNKNOWN,Optical microscopy,food_water_beverages
MP_0216,FW_0216,POLY_216,BC_216,BS_216,Terrestrial snails (H. aperta),Terrestrial animal origin,"Digestion: 22.5M HNO3 (60°C, 2h)",Not Reported,0.04,100 – 2500 µm,UNKNOWN,Optical microscopy,food_water_beverages
MP_0217,FW_0217,POLY_217,BC_217,BS_217,Turkey escalopes (Packaged in extruded polyestere tray),Terrestrial animal origin,Rinse: water,Not Reported,4,300 – 450 µm,XPS,Optical microscopy,food_water_beverages
MP_0218,FW_0218,POLY_218,BC_218,BS_218,Apple (M. domestica),Plant origin,"Exsication (80°C, 24h); digestion: 65% HNO3; density separation: dichloromethane, centrifugation",LOD (4.89*10^(3)),195500,1.51 – 2.52 µm,UNKNOWN,SEM-EDX,food_water_beverages
MP_0219,FW_0219,POLY_219,BC_219,BS_219,Broccoli (B. oleracea italica),Plant origin,"Exsication (80°C, 24h); digestion: 65% HNO3; density separation: dichloromethane, centrifugation",LOD (4.89*10^(3)),126150,1.51 – 2.52 µm,UNKNOWN,SEM-EDX,food_water_beverages
MP_0220,FW_0220,POLY_220,BC_220,BS_220,Carrot (D. carota),Plant origin,"Exsication (80°C, 24h); digestion: 65% HNO3; density separation: dichloromethane, centrifugation",LOD (4.89*10^(3)),101950,1.51 – 2.52 µm,UNKNOWN,SEM-EDX,food_water_beverages
MP_0221,FW_0221,POLY_221,BC_221,BS_221,Lettuce (L. sativa),Plant origin,"Exsication (80°C, 24h); digestion: 65% HNO3; density separation: dichloromethane, centrifugation",LOD (4.89*10^(3)),50550,1.51 – 2.52 µm,UNKNOWN,SEM-EDX,food_water_beverages
MP_0222,FW_0222,POLY_222,BC_222,BS_222,Nori seaweed (Pyropia spp. - Packed end product),Plant origin,"Digestion: 0.1% cellulase (pH 4.5 - 6.0, 80 rpm, 55℃, 1 h) + alcalase (pH 6.0–7.0, 80 rpm, 55 ℃, 1 h) + 30% H2O2 (80 rpm, 65 ℃, 72 h); density separation: saturated NaCl solution",Not Reported,0.9,110 – 4970 µm,PES,Optical microscopy,food_water_beverages
MP_0223,FW_0223,POLY_223,BC_223,BS_223,Pear (P. communi ),Plant origin,"Exsication (80°C, 24h); digestion: 65% HNO3; density separation: dichloromethane, centrifugation",LOD (4.89*10^(3)),189550,1.51 – 2.52 µm,UNKNOWN,SEM-EDX,food_water_beverages
MP_0224,FW_0224,POLY_224,BC_224,BS_224,Lake salt,Salt,"Digestion: 30% H2O2 (80 rpm, 65°C, 24 h + rt, 48 h); density separation: 4 M NaI (ρ = 1.8 g/mL)",Not Reported,8,Not Reported,PE,Optical microscopy,food_water_beverages
MP_0225,FW_0225,POLY_225,BC_225,BS_225,Lake salt,Salt,"1st digestion (sample): 17.25% H2O2 (120 rpm, 60°C, 72 h); dissolution in filtered water (5:1 v/w). 2nd digestion (precipitate): 35% H2O2 (120 rpm, 60°C, 24 h)",DL (PET fibers: 0.72 items/kg; other MP 0 items/kg),28,100 – 5000 µm,PP,Optical microscopy,food_water_beverages
MP_0226,FW_0226,POLY_226,BC_226,BS_226,Lake salt,Salt,"Digestion: 30% H2O2 (80 rpm, 65°C, 24 h + rt, 48 h); dissolution: water (3:1 v/w)",Not Reported,43,45 – 4300 µm,PET,Optical microscopy,food_water_beverages
MP_0227,FW_0227,POLY_227,BC_227,BS_227,Rock salt,Salt,"Digestion: 30% H2O2 (80 rpm, 65°C, 24 h + rt, 48 h); density separation: 4 M NaI (ρ = 1.8 g/mL)",Not Reported,9,Not Reported,PP,Optical microscopy,food_water_beverages
MP_0228,FW_0228,POLY_228,BC_228,BS_228,Rock salt,Salt,"1st digestion (sample): 17.25% H2O2 (120 rpm, 60°C, 72 h); dissolution in filtered water (5:1 v/w). 2nd digestion (precipitate): 35% H2O2 (120 rpm, 60°C, 24 h)",DL (PET fibers: 0.72 items/kg; other MP 0 items/kg),0,100 – 5000 µm,PET,Optical microscopy,food_water_beverages
MP_0229,FW_0229,POLY_229,BC_229,BS_229,Rock/well salt,Salt,"Digestion: 30% H2O2 (80 rpm, 65°C, 24 h + rt, 48 h); dissolution: water (3:1 v/w)",Not Reported,7,45 – 4300 µm,PET,Optical microscopy,food_water_beverages
MP_0230,FW_0230,POLY_230,BC_230,BS_230,Salt,Salt,Dissolution: deionized water 10:1 v/w; density separation: NaI solution,Recovery (95%),10,160 – 980 µm,PP,Optical microscopy,food_water_beverages
MP_0231,FW_0231,POLY_231,BC_231,BS_231,Salt,Salt,Dissolution: distilled water (20:1 v/w),Not Reported,212,100 – 5000 µm,UNKNOWN,Optical microscopy,food_water_beverages
MP_0232,FW_0232,POLY_232,BC_232,BS_232,Salt,Salt,Dissolution: filtered water (1:8 v/w),Not Reported,9.77,89.7 – 1474.9 µm,PP,Optical microscopy,food_water_beverages
MP_0233,FW_0233,POLY_233,BC_233,BS_233,Salt,Salt,Dissolution: deionized water (3:1 v/w),Not Reported,1570,4 – 4628 µm,UNKNOWN,Optical microscopy,food_water_beverages
MP_0234,FW_0234,POLY_234,BC_234,BS_234,Salt,Salt,Dissolution: deionized water (3:1 v/w),LOQ (2.8 items/kg),70,10 – 150 µm,PET,µ-FTIR,food_water_beverages
MP_0235,FW_0235,POLY_235,BC_235,BS_235,Salt,Salt,"Digestion: 30% H2O2 (80 rpm, 65°C, 24 h + rt, 48 h); dissolution: water (4:1 v/w)",Not Reported,103,Not Reported,PES,Optical microscopy,food_water_beverages
MP_0236,FW_0236,POLY_236,BC_236,BS_236,Salt,Salt,Dissolution: water (20:3 v/w),Not Reported,6.7,390 – 9360 µm,POLYVINYL,Optical microscopy,food_water_beverages
MP_0237,FW_0237,POLY_237,BC_237,BS_237,Sea salt,Salt,"Digestion: 30% H2O2 (80 rpm, 65°C, 24 h + rt, 48 h); density separation: 4 M NaI (ρ = 1.8 g/mL)",Not Reported,16,Not Reported,PU,Optical microscopy,food_water_beverages
MP_0238,FW_0238,POLY_238,BC_238,BS_238,Sea salt,Salt,"Dissolution: distilled water; centrifugation (1900 rpm, 1 h)",Not Reported,50,30 – 3500 µm,PET,Optical microscopy,food_water_beverages
MP_0239,FW_0239,POLY_239,BC_239,BS_239,Sea salt,Salt,"1st digestion (sample): 17.25% H2O2 (120 rpm, 60°C, 72 h); dissolution in filtered water (5:1 v/w). 2nd digestion (precipitate): 35% H2O2 (120 rpm, 60°C, 24 h)",DL (PET fibers: 0.72 items/kg; other MP 0 items/kg),0,100 – 5000 µm,PE,Optical microscopy,food_water_beverages
MP_0240,FW_0240,POLY_240,BC_240,BS_240,Sea salts,Salt,"Digestion: 30% H2O2 (80 rpm, 65°C, 24 h + rt, 48 h); dissolution: water (3:1 v/w)",Not Reported,550,45 – 4300 µm,PET,Optical microscopy,food_water_beverages
MP_0241,FW_0241,POLY_241,BC_241,BS_241,Table salt,Salt,"Digestion: 30% H2O2 (80 rpm, 65°C, 24h); dissolution: distilled water",Not Reported,0.67,3.3 – 4660 µm,PVA,Optical microscopy,food_water_beverages
MP_0242,FW_0242,POLY_242,BC_242,BS_242,Table salt,Salt,"Digestion: 30% H2O2 (65°C, 24 h); dissolution: MilliQ water (80:1 v/w)",Not Reported,467,Not Reported,PA,Optical microscopy,food_water_beverages
MP_0243,FW_0243,POLY_243,BC_243,BS_243,Well salt,Salt,"Dissolution: distilled water; centrifugation (1900 rpm, 1 h)",Not Reported,115,30 – 3500 µm,PET,Optical microscopy,food_water_beverages
MP_0244,FW_0244,POLY_244,BC_244,BS_244,Cane sugar (Unrefined),Honey and Sugar,"Dissolution: deionized water; digestion: 30% H2O2 (rt, 24 h)",Not Reported,560,Not Reported,UNKNOWN,Optical microscopy,food_water_beverages
MP_0245,FW_0245,POLY_245,BC_245,BS_245,Honey,Honey and Sugar,"Dissolution: deionized water; digestion: 30% H2O2 (rt, 24 h); staining: Rose Bengal",Not Reported,10,Not Reported,UNKNOWN,Optical microscopy,food_water_beverages
MP_0246,FW_0246,POLY_246,BC_246,BS_246,Honey,Honey and Sugar,"Dissolution: water (1:1 v/v); digestion: 30% H2O2 (50°C, 1h + rt, 72 h)",Recovery (results not reported),0,>30 µm,PET,Optical microscopy,food_water_beverages
MP_0247,FW_0247,POLY_247,BC_247,BS_247,Honey,Honey and Sugar,"Digestion: 30% H2O2 (rt, 72 h)",Not Reported,40,Not Reported,UNKNOWN,Optical microscopy,food_water_beverages
MP_0248,FW_0248,POLY_248,BC_248,BS_248,Honey (craft),Honey and Sugar,Dilution: 1:1 v/v distilled water; sieving (250 µm); digestion: 30% H2O2; sieving (250 µm),Not Reported,36,Fibers: ; 13.45 – 6742.48 µm; Particles: ; 2.48 – 247.54 µm,PE,Optical microscopy,food_water_beverages
MP_0249,FW_0249,POLY_249,BC_249,BS_249,Honey (industrial ),Honey and Sugar,Dilution: 1:1 v/v distilled water; sieving (250 µm); digestion: 30% H2O2; sieving (250 µm),Not Reported,22,Fibers: ; 13.45 – 6742.48 µm ; Particles: ; 2.48 – 247.54 µm,PE,Optical microscopy,food_water_beverages
MP_0250,FW_0250,POLY_250,BC_250,BS_250,Sugar (Refined),Honey and Sugar,"Dissolution: deionized water; digestion: 30% H2O2 (rt, 24 h)",Not Reported,217,Not Reported,UNKNOWN,Optical microscopy,food_water_beverages
MP_0251,FW_0251,POLY_251,BC_251,BS_251,Beer,Water and Beverages,Staining: 200 mg/L Rose Bengal,Not Reported,4.05,100 – 5000 µm,UNKNOWN,Optical microscopy,food_water_beverages
MP_0252,FW_0252,POLY_252,BC_252,BS_252,Beer,Water and Beverages,Not Reported,Not Reported,2,Not Reported,UNKNOWN,Optical microscopy,food_water_beverages
MP_0253,FW_0253,POLY_253,BC_253,BS_253,Beer,Water and Beverages,Not Reported,Not Reported,28,103 – 3000 µm,PA,Optical microscopy,food_water_beverages
MP_0254,FW_0254,POLY_254,BC_254,BS_254,Beer (Craft),Water and Beverages,Dilution: 1:1 v/v distilled water; sieving (250 µm); digestion: 30% H2O2; sieving (250 µm),Not Reported,8,Fibers: ; 13.45 – 6742.48 µm; Particles: ; 2.48 – 247.54 µm,PE,Optical microscopy,food_water_beverages
MP_0255,FW_0255,POLY_255,BC_255,BS_255,Beer (Industrial ),Water and Beverages,Dilution: 1:1 v/v distilled water; sieving (250 µm); digestion: 30% H2O2; sieving (250 µm),Not Reported,29,Fibers: ; 13.45 – 6742.48 µm; Particles: ; 2.48 – 247.54 µm,PE,Optical microscopy,food_water_beverages
MP_0256,FW_0256,POLY_256,BC_256,BS_256,Bottled water,Water and Beverages,Staining: 200 mg/L Rose Bengal,Not Reported,3.57,100 – 5000 µm,UNKNOWN,Optical microscopy,food_water_beverages
MP_0257,FW_0257,POLY_257,BC_257,BS_257,Bottled water,Water and Beverages,Staining: 20  µg/mL Rose Bengal (30 min),Not Reported,0,1280 – 4200 µm,PE,Miscroscopic observation,food_water_beverages
MP_0258,FW_0258,POLY_258,BC_258,BS_258,Bottled water,Water and Beverages,Staining: 10 μg/mL Nile red (30 min),Not Reported,325,>6.5 µm,PP,Optical microscopy,food_water_beverages
MP_0259,FW_0259,POLY_259,BC_259,BS_259,Bottled water,Water and Beverages,Not Reported,Not Reported,2,25 – 5000 µm,PP,µ-FTIR,food_water_beverages
MP_0260,FW_0260,POLY_260,BC_260,BS_260,Bottled water,Water and Beverages,"Digestion: 65% HNO3; density separation: water + dichloromethane, centrifugation",Percentage variation coefficient (CV% = 15.6%); Recovery (128.0%); LOQ (1.63*10^(2) items/L),3.16,1.28 – 4.2 µm,UNKNOWN,SEM-EDX,food_water_beverages
MP_0261,FW_0261,POLY_261,BC_261,BS_261,"Bottled water (""Newish"" reusable PET bottles)",Water and Beverages,Not Reported,Not Reported,2689,> 1 µm,PET,µ-Raman,food_water_beverages
MP_0262,FW_0262,POLY_262,BC_262,BS_262,"Bottled water (""Older"" reusable PET bottles)",Water and Beverages,Not Reported,Not Reported,8339,> 1 µm,PET,µ-Raman,food_water_beverages
MP_0263,FW_0263,POLY_263,BC_263,BS_263,Bottled water (Beverage cartons),Water and Beverages,Not Reported,Not Reported,11,1 – 500 µm,PE,µ-Raman,food_water_beverages
MP_0264,FW_0264,POLY_264,BC_264,BS_264,Bottled water (Glass bottles),Water and Beverages,Not Reported,Not Reported,6292,> 1 µm,PE,µ-Raman,food_water_beverages
MP_0265,FW_0265,POLY_265,BC_265,BS_265,Bottled water (Glass bottles),Water and Beverages,Not Reported,Not Reported,50,1 – 500 µm,PEST,µ-Raman,food_water_beverages
MP_0266,FW_0266,POLY_266,BC_266,BS_266,Bottled water (Glass bottles),Water and Beverages,Not Reported,Not Reported,52,104 – 3000 µm,PA,Optical microscopy,food_water_beverages
MP_0267,FW_0267,POLY_267,BC_267,BS_267,Bottled water (Mineral water),Water and Beverages,Staining: 100  µg/mL 1-pyrenebutyric acid N-hydroxysuccinimidyl ester (PBN),Recovery (PA 97.7 ± 6.2%) ; Working range particle size (15 - 3000 μm),12,40 – 723 µm,UNKNOWN,Fluorescence microscopy,food_water_beverages
MP_0268,FW_0268,POLY_268,BC_268,BS_268,Bottled water (Returnable bottles),Water and Beverages,Not Reported,Not Reported,118,1 – 500 µm,PEST,µ-Raman,food_water_beverages
MP_0269,FW_0269,POLY_269,BC_269,BS_269,Bottled water (Single use PET bottles),Water and Beverages,"Staining: 1 μg/L Nile red (30°C, 30 min)",Not Reported,140,>6.5 µm,PET,Optical microscopy,food_water_beverages
MP_0270,FW_0270,POLY_270,BC_270,BS_270,Bottled water (Single use PET bottles),Water and Beverages,Not Reported,Not Reported,2649,> 1 µm,PET,µ-Raman,food_water_beverages
MP_0271,FW_0271,POLY_271,BC_271,BS_271,"Bottled water (Single use PET bottles, HDPE cap)",Water and Beverages,Not Reported,"Recovery (PS 16*10^(6) items/L 97%, PS 16*10^(5) items/L 152%, PS 16*10^(4) items/L = 146%)",0,≤3 µm,UNKNOWN,SEM-EDS,food_water_beverages
MP_0272,FW_0272,POLY_272,BC_272,BS_272,Bottled water (Single-use bottles),Water and Beverages,Not Reported,Not Reported,14,1 – 500 µm,PEST,µ-Raman,food_water_beverages
MP_0273,FW_0273,POLY_273,BC_273,BS_273,Bottled water (Sparkling water),Water and Beverages,Staining: 100  µg/mL 1-pyrenebutyric acid N-hydroxysuccinimidyl ester (PBN),Recovery (PA 97.7 ± 6.2%); Working range particle size (15 - 3000 μm),6,40 – 723 µm,UNKNOWN,Fluorescence microscopy,food_water_beverages
MP_0274,FW_0274,POLY_274,BC_274,BS_274,Drinking water,Water and Beverages,"Digestion: 37 % HCl (pH 1.3 - 1.5, rt, 24 - 48 h)","LOD (size 10 µm); Recovery (PE 22–27 μm 100% filter 55 ± 14%, PE 22–27 μm 50% filter 53 ± 14%, PE 45–53 μm 100% filter 70 ± 15%,  PE 45-53 μm 50% filter 89 ± 28%)",0,>10 µm,UNKNOWN,µ-Raman spectroscopy,food_water_beverages
MP_0275,FW_0275,POLY_275,BC_275,BS_275,Drinking water (High-performance drinking water treatment plant),Water and Beverages,Density separation: sodium polytungstate solution (ρ = 1.8 g/mL),"Py-GCMS: LOQ (PS 1.2 µg, PP 1.9 µg, PVC 2.3 µg, PE 1.8 µg, PET 3.5 µg, PA-66 1.3 µg, PMMA 3.3 µg, PC 3.2 µg); ; LOD (LOQ/10)",0.174,8 – 374 µm,PA,µ-FTIR,food_water_beverages
MP_0276,FW_0276,POLY_276,BC_276,BS_276,Energy drink,Water and Beverages,Not Reported,Not Reported,6,102 – 3000 µm,PA,Optical microscopy,food_water_beverages
MP_0277,FW_0277,POLY_277,BC_277,BS_277,Groundwater,Water and Beverages,Not Reported,Recovery (81% ± 11%); LOQ (1880 items/m3),0,5 – 1000 µm,PE,µ-Raman,food_water_beverages
MP_0278,FW_0278,POLY_278,BC_278,BS_278,Iced tea,Water and Beverages,Not Reported,Not Reported,1,100 – 3000 µm,PA,Optical microscopy,food_water_beverages
MP_0279,FW_0279,POLY_279,BC_279,BS_279,Refreshing beverages,Water and Beverages,Dilution: 1:1 v/v distilled water; sieving (250 µm); digestion: 30% H2O2; sieving (250 µm),Not Reported,8,Fibers: ; 13.45 – 6742.48 µm; Particles: ; 2.48 – 247.54 µm,PE,Optical microscopy,food_water_beverages
MP_0280,FW_0280,POLY_280,BC_280,BS_280,Soft drink,Water and Beverages,Not Reported,Not Reported,7,101 – 3000 µm,PA,Optical microscopy,food_water_beverages
MP_0281,FW_0281,POLY_281,BC_281,BS_281,Tap water,Water and Beverages,Staining: 200 mg/L Rose Bengal,Not Reported,5.45,100 – 5000 µm,UNKNOWN,Optical microscopy,food_water_beverages
MP_0282,FW_0282,POLY_282,BC_282,BS_282,Tap water,Water and Beverages,Not Reported,Recovery (81% ± 11%); LOQ (1880 items/m3),0,5 – 1000 µm,PE,µ-Raman,food_water_beverages
MP_0283,FW_0283,POLY_283,BC_283,BS_283,Tap water,Water and Beverages,"Digestion: 1.17 g/L HCl (24 h); staining: 5  µg/mL Nile red (rt, 30 min)",Not Reported,0,3 – 4453 µm,PE,Fluorescence microscopy,food_water_beverages
MP_0284,FW_0284,POLY_284,BC_284,BS_284,Tap water,Water and Beverages,Not Reported,Not Reported,0.3,Not Reported,RY,Optical microscopy,food_water_beverages
MP_0285,FW_0285,POLY_285,BC_285,BS_285,Tap water (Output of water treatment plant),Water and Beverages,Not Reported,Not Reported,0.06,20 – 5000 µm,PES,Optical microscopy,food_water_beverages
MP_0286,FW_0286,POLY_286,BC_286,BS_286,Tap water (Treated),Water and Beverages,Not Reported,Not Reported,0.0007,50 – 150 µm,PES,µ-FTIR,food_water_beverages
MP_0287,FW_0287,POLY_287,BC_287,BS_287,Tap water (Treated),Water and Beverages,"Digestion: 30% H2O2 (75°C, 30 min)",Not Reported,338,>1 µm,PET,SEM,food_water_beverages
MP_0288,FW_0288,POLY_288,BC_288,BS_288,Wine,Water and Beverages,Staining: 0.01 mg/mL Nile red,Not Reported,2563,Not Reported,UNKNOWN,Fluorescence microscopy,food_water_beverages
MP_0289,FW_0289,POLY_289,BC_289,BS_289,Disposable paper cups (hidrophobic inner layer),Food Containers,"Soaking: MilliQ water (85 - 90°C, 15 min); staining: Nile red (protocol not reported)",Not Reported,250,25.9 – 764.8 µm,HDPE,Fluorescence microscopy,food_water_beverages
MP_0290,FW_0290,POLY_290,BC_290,BS_290,Disposable paper cups (hidrophobic inner layer),Food Containers,"Soaking: MilliQ water (85 - 90°C, 15 min); staining: Nile red (protocol not reported)",Not Reported,102.3,0.105 – 4.277 µm,HDPE,SEM,food_water_beverages
MP_0291,FW_0291,POLY_291,BC_291,BS_291,Disposable PP container (Rectangular),Food Containers,"Rinse: ultrapure water (mecanichal shake, 2-3 min)",Not Reported,0,0 – 210 nm,PP,FTIR,food_water_beverages
MP_0292,FW_0292,POLY_292,BC_292,BS_292,Disposable PP container (Round),Food Containers,"Rinse: ultrapure water (mecanichal shake, 2-3 min)",Not Reported,0,0 – 210 nm,PP,FTIR,food_water_beverages
MP_0293,FW_0293,POLY_293,BC_293,BS_293,Disposable PP cup,Food Containers,"Rinse: ultrapure water (mecanichal shake, 2-3 min)",Not Reported,0,0 – 210 nm,PP,FTIR,food_water_beverages
MP_0294,FW_0294,POLY_294,BC_294,BS_294,Infant feeding bottles (PP),Food Containers,"Starilization: deionized water (95°C, 5 min);  soaking: deionized water (180 rpm, 70 °C, 1 min)",Recovery (PS 94.9 ± 0.4%),1,Not Reported,PP,µ-Raman,food_water_beverages
MP_0295,FW_0295,POLY_295,BC_295,BS_295,Infant feeding bottles with PP accessories (gravity ball and round disk),Food Containers,"Starilization: deionized water (95°C, 5 min);  soaking: deionized water (180 rpm, 70 °C, 1 min)",Recovery (PS 94.9 ± 0.4%),69,Not Reported,PP,µ-Raman,food_water_beverages
MP_0296,FW_0296,POLY_296,BC_296,BS_296,Take-out food container (PE),Food Containers,Rinse: MiiliQ water,Not Reported,5,43 – 500 µm,RY,FTIR,food_water_beverages
MP_0297,FW_0297,POLY_297,BC_297,BS_297,Take-out food container (PET),Food Containers,Rinse: MiiliQ water,Not Reported,3,43 – 500 µm,RY,FTIR,food_water_beverages
MP_0298,FW_0298,POLY_298,BC_298,BS_298,Take-out food container (PP),Food Containers,Rinse: MiiliQ water,Not Reported,9,43 – 500 µm,RY,FTIR,food_water_beverages
MP_0299,FW_0299,POLY_299,BC_299,BS_299,Take-out food container (PS),Food Containers,Rinse: MiiliQ water,Not Reported,29,43 – 500 µm,RY,FTIR,food_water_beverages
MP_0300,FW_0300,POLY_300,BC_300,BS_300,Teabags,Food Containers,"Soaking: ultra pure water (100°C, 10 min)","Recovery; ; LOD (size 1.2 µm, number 100 items/mL)",1.9,1.04 – 4.55 µm,PS,spICP-MS,food_water_beverages
MP_0301,FW_0301,POLY_301,BC_301,BS_301,Teabags (Plastic),Food Containers,"Soaking: revers osmosis water (95°C, 10 min)",Not Reported,14702.3,0.017 – 270 µm,PET,SEM,food_water_beverages
MP_0302,FW_0302,POLY_302,BC_302,BS_302,Not Reported,Not Reported,Not Reported,Not Reported,0,Not Reported,UNKNOWN,µ-FTIR,human_blood_by_type
MP_0303,FW_0303,POLY_303,BC_303,BS_303,Not Reported,Not Reported,Not Reported,Not Reported,0,Not Reported,UNKNOWN,µ-FTIR,human_blood_by_type
MP_0304,FW_0304,POLY_304,BC_304,BS_304,Not Reported,Not Reported,Not Reported,Not Reported,0,Not Reported,UNKNOWN,µ-FTIR,human_blood_by_type
MP_0305,FW_0305,POLY_305,BC_305,BS_305,Not Reported,Not Reported,Not Reported,Not Reported,0,Not Reported,UNKNOWN,µ-FTIR,human_blood_by_type
MP_0306,FW_0306,POLY_306,BC_306,BS_306,Not Reported,Not Reported,Not Reported,Not Reported,0,Not Reported,UNKNOWN,µ-FTIR,human_blood_by_type
MP_0307,FW_0307,POLY_307,BC_307,BS_307,Not Reported,Not Reported,Not Reported,Not Reported,0,Not Reported,UNKNOWN,µ-FTIR,human_blood_by_type
MP_0308,FW_0308,POLY_308,BC_308,BS_308,Not Reported,Not Reported,Not Reported,Not Reported,0,Not Reported,UNKNOWN,µ-FTIR,human_blood_by_type
MP_0309,FW_0309,POLY_309,BC_309,BS_309,Not Reported,Not Reported,Not Reported,Not Reported,0,Not Reported,UNKNOWN,µ-FTIR,human_blood_by_type
MP_0310,FW_0310,POLY_310,BC_310,BS_310,Not Reported,Not Reported,Not Reported,Not Reported,0,Not Reported,UNKNOWN,µ-FTIR,human_blood_by_type
MP_0311,FW_0311,POLY_311,BC_311,BS_311,Not Reported,Not Reported,Not Reported,Not Reported,0,Not Reported,UNKNOWN,µ-FTIR,human_blood_by_type
MP_0312,FW_0312,POLY_312,BC_312,BS_312,Not Reported,Not Reported,Not Reported,Not Reported,0,Not Reported,UNKNOWN,µ-FTIR,human_blood_by_type
MP_0313,FW_0313,POLY_313,BC_313,BS_313,Not Reported,Not Reported,Not Reported,Not Reported,0,Not Reported,UNKNOWN,µ-FTIR,human_blood_by_type
MP_0314,FW_0314,POLY_314,BC_314,BS_314,Not Reported,Not Reported,Not Reported,Not Reported,0,Not Reported,UNKNOWN,µ-FTIR,blood_coagulation_markers
MP_0315,FW_0315,POLY_315,BC_315,BS_315,Not Reported,Not Reported,Not Reported,Not Reported,0,Not Reported,UNKNOWN,µ-FTIR,blood_coagulation_markers
MP_0316,FW_0316,POLY_316,BC_316,BS_316,Not Reported,Not Reported,Not Reported,Not Reported,0,Not Reported,UNKNOWN,µ-FTIR,blood_coagulation_markers
MP_0317,FW_0317,POLY_317,BC_317,BS_317,Not Reported,Not Reported,Not Reported,Not Reported,0,Not Reported,UNKNOWN,µ-FTIR,blood_coagulation_markers
MP_0318,FW_0318,POLY_318,BC_318,BS_318,Not Reported,Not Reported,Not Reported,Not Reported,0,Not Reported,UNKNOWN,µ-FTIR,blood_coagulation_markers
MP_0319,FW_0319,POLY_319,BC_319,BS_319,Not Reported,Not Reported,Not Reported,Not Reported,0,Not Reported,UNKNOWN,µ-FTIR,blood_coagulation_markers
MP_0320,FW_0320,POLY_320,BC_320,BS_320,Not Reported,Not Reported,Not Reported,Not Reported,0,Not Reported,UNKNOWN,µ-FTIR,blood_coagulation_markers
MP_0321,FW_0321,POLY_321,BC_321,BS_321,Not Reported,Not Reported,Not Reported,Not Reported,0,>700 nm,UNKNOWN,Py-GC/MS,human_organs_tissues
MP_0322,FW_0322,POLY_322,BC_322,BS_322,Not Reported,Not Reported,Not Reported,Not Reported,0,2.1–26.0 µm,UNKNOWN,µ-Raman,human_organs_tissues
MP_0323,FW_0323,POLY_323,BC_323,BS_323,Not Reported,Not Reported,Not Reported,Not Reported,0,16–1074 µm,UNKNOWN,µ-FTIR,human_organs_tissues
MP_0324,FW_0324,POLY_324,BC_324,BS_324,Not Reported,Not Reported,Not Reported,Not Reported,0,20–500 µm,UNKNOWN,µ-FTIR,human_organs_tissues
MP_0325,FW_0325,POLY_325,BC_325,BS_325,Not Reported,Not Reported,Not Reported,Not Reported,0,0.8–1.6 mm,UNKNOWN,SEM-EDX,human_organs_tissues
MP_0326,FW_0326,POLY_326,BC_326,BS_326,Not Reported,Not Reported,Not Reported,Not Reported,0,4–30 µm,UNKNOWN,Nile Red fluorescence + µ-Raman,human_organs_tissues
MP_0327,FW_0327,POLY_327,BC_327,BS_327,Not Reported,Not Reported,Not Reported,Not Reported,0,>5 µm,UNKNOWN,µ-Raman,human_organs_tissues
MP_0328,FW_0328,POLY_328,BC_328,BS_328,Not Reported,Not Reported,Not Reported,Not Reported,0,>50 µm,UNKNOWN,µ-FTIR,human_organs_tissues
MP_0329,FW_0329,POLY_329,BC_329,BS_329,Not Reported,Not Reported,Not Reported,Not Reported,0,20.34–307.24 µm,UNKNOWN,µ-FTIR + LDIR,human_organs_tissues
MP_0330,FW_0330,POLY_330,BC_330,BS_330,Not Reported,Not Reported,Not Reported,Not Reported,0,20–500 µm,UNKNOWN,µ-FTIR + LDIR,human_organs_tissues
MP_0331,FW_0331,POLY_331,BC_331,BS_331,Not Reported,Not Reported,Not Reported,Not Reported,0,100–500 µm,UNKNOWN,Optical microscopy,human_organs_tissues
MP_0332,FW_0332,POLY_332,BC_332,BS_332,Not Reported,Not Reported,Not Reported,Not Reported,0,100–500 µm,UNKNOWN,Optical microscopy,human_organs_tissues
MP_0333,FW_0333,POLY_333,BC_333,BS_333,Not Reported,Not Reported,Not Reported,Not Reported,0,100–500 µm,UNKNOWN,Optical microscopy,human_organs_tissues
MP_0334,FW_0334,POLY_334,BC_334,BS_334,Not Reported,Not Reported,Not Reported,Not Reported,0,100–500 µm,UNKNOWN,Optical microscopy,human_organs_tissues
MP_0335,FW_0335,POLY_335,BC_335,BS_335,Not Reported,Not Reported,Not Reported,Not Reported,0,5–25 µm,UNKNOWN,Nile Red fluorescence + µ-Raman,human_organs_tissues
MP_0336,FW_0336,POLY_336,BC_336,BS_336,Not Reported,Not Reported,Not Reported,Not Reported,0,1.6–16.8 µm,UNKNOWN,µ-FTIR + Raman,human_organs_tissues
MP_0337,FW_0337,POLY_337,BC_337,BS_337,Not Reported,Not Reported,Not Reported,Not Reported,0,>20 µm,UNKNOWN,SEM-EDX,human_organs_tissues
MP_0338,FW_0338,POLY_338,BC_338,BS_338,Not Reported,Not Reported,Not Reported,Not Reported,0,12–2475 µm,UNKNOWN,µ-FTIR,human_organs_tissues
MP_0339,FW_0339,POLY_339,BC_339,BS_339,Not Reported,Not Reported,Not Reported,Not Reported,0,20–100 µm,UNKNOWN,Py-GC/MS + µ-FTIR,human_organs_tissues
MP_0340,FW_0340,POLY_340,BC_340,BS_340,Not Reported,Not Reported,Not Reported,Not Reported,0,10–20 µm,UNKNOWN,µ-Raman,human_organs_tissues
MP_0341,FW_0341,POLY_341,BC_341,BS_341,Not Reported,Not Reported,Not Reported,Not Reported,0,> 20 µm,UNKNOWN,UNKNOWN,biological_samples
MP_0342,FW_0342,POLY_342,BC_342,BS_342,Not Reported,Not Reported,Not Reported,Not Reported,0,1–12 µm,UNKNOWN,UNKNOWN,biological_samples
MP_0343,FW_0343,POLY_343,BC_343,BS_343,Not Reported,Not Reported,Not Reported,Not Reported,0,> 50 µm,UNKNOWN,UNKNOWN,biological_samples
MP_0344,FW_0344,POLY_344,BC_344,BS_344,Not Reported,Not Reported,Not Reported,Not Reported,0,> 20 µm,UNKNOWN,UNKNOWN,biological_samples
MP_0345,FW_0345,POLY_345,BC_345,BS_345,Not Reported,Not Reported,Not Reported,Not Reported,0,> 20 µm,UNKNOWN,UNKNOWN,biological_samples
MP_0346,FW_0346,POLY_346,BC_346,BS_346,Not Reported,Not Reported,Not Reported,Not Reported,0,21.76–286.71 µm,UNKNOWN,UNKNOWN,biological_samples
MP_0347,FW_0347,POLY_347,BC_347,BS_347,Not Reported,Not Reported,Not Reported,Not Reported,0,2–5 µm,UNKNOWN,UNKNOWN,biological_samples
MP_0348,FW_0348,POLY_348,BC_348,BS_348,Not Reported,Not Reported,Not Reported,Not Reported,0,50–500 µm,UNKNOWN,UNKNOWN,biological_samples
MP_0349,FW_0349,POLY_349,BC_349,BS_349,Not Reported,Not Reported,Not Reported,Not Reported,0,40.2–4812.9 µm,UNKNOWN,UNKNOWN,biological_samples
MP_0350,FW_0350,POLY_350,BC_350,BS_350,Not Reported,Not Reported,Not Reported,Not Reported,0,4.4–333.2 µm,UNKNOWN,UNKNOWN,biological_samples
MP_0351,FW_0351,POLY_351,BC_351,BS_351,Not Reported,Not Reported,Not Reported,Not Reported,0,1.7–393.8 µm,UNKNOWN,UNKNOWN,biological_samples
MP_0352,FW_0352,POLY_352,BC_352,BS_352,Not Reported,Not Reported,Not Reported,Not Reported,0,20–500 µm,UNKNOWN,UNKNOWN,biological_samples
MP_0353,FW_0353,POLY_353,BC_353,BS_353,Not Reported,Not Reported,Not Reported,Not Reported,0,4–15 µm,UNKNOWN,UNKNOWN,biological_samples
MP_0354,FW_0354,POLY_354,BC_354,BS_354,Not Reported,Not Reported,Not Reported,Not Reported,0,0.01 nm–871 µm,UNKNOWN,UNKNOWN,biological_samples
