food_beverage_id,food_item,food_category,sample_preparation,particle_number_numeric,size_range_um_standardized,polymer_type_standardized,detection_method_standardized
FW_0001,Anchovy (S. indicus),Marine animal origin,"Digestion: 10% KOH (60°C, 24 h)",0.07,115–210 µm,PE,Optical microscopy
FW_0002,"Anchovy (S. waitei - Dried),",Marine animal origin,"Digestion: 10% KOH (40°C, 72 h); density separation: 4.4 M NaI (ρ = 1.5 g/mL)",0.43,1–1000 µm,HDPE,Optical microscopy
FW_0003,Barracuda (S. jello),Marine animal origin,"Digestion: 10% KOH (40°C, 48 h)",5.66,Not Reported,LDPE,Optical microscopy
FW_0004,Barracuda (S. putnamiae),Marine animal origin,"Digestion: 30% H2O2 (65°C, 24–48 h)",0,Not Reported,PP,Optical microscopy
FW_0005,Bartail flathead (P. indicus),Marine animal origin,"Digestion: 10% KOH (40°C, 48 h)",18.5,Not Reported,PET,Optical microscopy
FW_0006,Bartail flathead (P. indicus),Marine animal origin,"Digestion: 10% KOH (40°C, 48 h)",0.179,Fibers 50–8000 µm Fragments <500 µm,PS,Optical microscopy
FW_0007,Bartail flathead (P. indicus),Marine animal origin,"Digestion: 30% H2O2 (65°C, 24–48 h)",0,Not Reported,EPS,Optical microscopy
FW_0008,Belanger’s croaker (J. belangerii - Dried),Marine animal origin,"Digestion: 10% KOH (40°C, 72 h); density separation: 4.4 M NaI (ρ = 1.5 g/mL)",0.3,1–1000 µm,PVC,Optical microscopy
FW_0009,Bream (A. spinifer),Marine animal origin,"Digestion: 30% H2O2 (65°C, 24–48 h)",0,Not Reported,PA,Optical microscopy
FW_0010,Brown shrimp (C. crangon),Marine animal origin,"Digestion: HNO3:HClO4 4:1 v:v ((80°C, 10 min + 30 min cooling time) * 2)",1.23,200–1000 µm,PU,Optical microscopy
FW_0011,Canned sardines and sprats,Marine animal origin,"Digestion: 10% KOH (40°C, 72 h); density separation: NaI solution",0.01,190–3800 µm,PC,Optical microscopy
FW_0012,Chinese razor clam (S. constricta),Marine animal origin,"Digestion: 30% H2O2 (80 rpm, 65°C, 24–48 h); density separation: NaCl solution",2.1,5–5000 µm,PMMA,Optical microscopy
FW_0013,Chinese razor clam (S. constricta),Marine animal origin,"Digestion: 10% KOH + 30% H2O2 (60°C, 24 h)",1.8,74–2000 µm,POM,Optical microscopy
FW_0014,"Clam (A. crenata, M. tokyoensis)",Marine animal origin,"Digestion: 10% KOH (300 rpm, 60°C, 24 h); density separation: saturated saline solution (ρ = 1.2 g/mL)",0.17,170 –9730 µm,PA,Optical microscopy
FW_0015,Crab (C. opilio),Marine animal origin,"Digestion: 10% KOH (300 rpm, 60°C, 24 h); density separation: saturated saline solution (ρ = 1.2 g/mL)",0.17,171 –9730 µm,PA,Optical microscopy
FW_0016,Shrimp (P. borealis),Marine animal origin,"Digestion: 10% KOH (300 rpm, 60°C, 24 h); density separation: saturated saline solution (ρ = 1.2 g/mL)",0.17,172 –9730 µm,PA,Optical microscopy
FW_0017,Clam (A. mirabilis),Marine animal origin,"Digestion: 65% HNO3 + 30% H2O2 (1:3, v/v); density separation: NaI solution (ρ = 1.8 g/mL)",6.9,50–5000 µm,UNKNOWN,Optical microscopy
FW_0018,Clam (C. fluminea),Marine animal origin,"Digestion: 30% H2O2 (80 rpm, 65°C, 24–48 h)",0.2,5–5000 µm,CP,Optical microscopy
FW_0019,Clam (C. fulminea),Marine animal origin,"Digestion: 30% H2O2 (80 rpm, 65°C, 72 h)",0.4,21–4830 µm,PP,Optical microscopy
FW_0020,Clam (C. glaucum),Marine animal origin,"Digestion: 10% KOH (rt, 48 h)",0.01,3000 µm,PP,Optical microscopy
FW_0021,Clam (C. sinensis),Marine animal origin,"Digestion: 30% H2O2 (80 rpm, 65°C, 24–48 h); density separation: NaCl solution",3.9,5–5000 µm,PE,Optical microscopy
FW_0022,Clam (E. tenuis),Marine animal origin,Digestions: 10% KOH (50°C overnight); density separation: NaCl (ρ = 1.2 g/cm3),1.8,41–9000 µm,PE,Optical microscopy
FW_0023,Clam (L. balthica),Marine animal origin,"Digestion: 10% KOH (rt, 48 h)",0.25,60–900 µm,PES,Optical microscopy
FW_0024,Clam (M. meretrix),Marine animal origin,"Digestion: 10% KOH (125 rpm, 40°C, 72 h); staining: Nile red 5 µg/mL (30 min)",0.5,21.06–1500 µm,PU,Fluorescence microscopy
FW_0025,Clam (M. meretrix),Marine animal origin,"Digestion: 10% KOH (300 rpm, 60°C, 6 h); density separation: saturated NaCl solution (ρ = 1.2 g/mL)",0.59,100–1640 µm,PP,Optical microscopy
FW_0026,"Mussel (M. edulis, P. viridis)",Marine animal origin,"Digestion: 10% KOH (300 rpm, 60°C, 6 h); density separation: saturated NaCl solution (ρ = 1.2 g/mL)",0.59,100–1640 µm,PP,Optical microscopy
FW_0027,Clam (M. veneriformis),Marine animal origin,"Digestion: 10% KOH (sonication 5 min; incubation 90 rpm, 60°C, 24 h)",1.2,57–8639 µm,RY,Optical microscopy
FW_0028,Clam (R. philippinarum),Marine animal origin,"Digestion: 10% KOH (sonication 5 min; incubation 90 rpm, 60°C, 24 h)",1.9,57–8639 µm,RY,Optical microscopy
FW_0029,Clam (R. philippinarum),Marine animal origin,"Digestion: 30% H2O2 (80 rpm, 65°C, 24–48 h); density separation: NaCl solution",2.5,5–5000 µm,PE,Optical microscopy
FW_0030,"Clam (R. philippinarum, M. meretrix); razor clam (S. constricta)",Marine animal origin,"Digestion: 10% KOH (ultrasound 5 min + 90 rpm, 24 h); density separation: NaCl (ρ = 1.2 g/cm3) + KI (ρ = 1.55 g/cm3)",1,40–5000 µm,RY,Optical microscopy
FW_0031,Clam (S. plana),Marine animal origin,"Digestion: 10% KOH (rt, 48 h)",0.05,1.8 µm,PAN,Optical microscopy
FW_0032,Clam (S. subcrenata),Marine animal origin,"Digestion: 30% H2O2 (80 rpm, 65°C, 24–48 h); density separation: NaCl solution",10.5,5–5000 µm,PE,Optical microscopy
FW_0033,Clam (T. granosa),Marine animal origin,"Digestion: 30% H2O2 (80 rpm, 65°C, 24–48 h); density separation: NaCl solution",4.1,5–5000 µm,PE,Optical microscopy
FW_0034,Clam (V. philippinarum),Marine animal origin,"Digestion: 10% KOH (60°C, 24 h); density separation: CaCl2 (ρ = 1.4 g/mL)",0.13,10–5000 µm,PA-6,Optical microscopy
FW_0035,Clamp (A. purpuratus),Marine animal origin,Digestion: 30% H2O2,7.1,10–5000 µm,PE,Optical microscopy
FW_0036,Clamp (A. umbonella),Marine animal origin,Digestion: 30% H2O2,6.9,10–5000 µm,PE,Optical microscopy
FW_0037,Cockle,Marine animal origin,"Digestion: 10% KOH (300 rpm, 60°C, 24 h)",2.46,> 15 µm,PE,Optical microscopy
FW_0038,Crab (C. maenas),Marine animal origin,"Microwave assisted digestion: 65% HNO3, 30% H2O2",0,10–5000 µm,UNKNOWN,Optical microscopy
FW_0039,Crab (H. sanguineus),Marine animal origin,"Microwave assisted digestion: 65% HNO3, 30% H2O2",26,Not Reported,UNKNOWN,Optical microscopy
FW_0040,Crab (muscle - P. armatus),Marine animal origin,"Digestion: 10% KOH (40°C, 48 h)",0.256,Fibers 50–8000 µm Fragments <500 µm,UNKNOWN,Optical microscopy
FW_0041,Crab (P. pelagicus),Marine animal origin,"Digestion: 10% KOH (60 °C, 24 h)",0.14,130–286 µm,PP,Optical microscopy
FW_0042,"Crab (P. trituberculatus, C. japonica, D. japonica, M. planipes)",Marine animal origin,"Digestion: 10% KOH (60 rpm, 40°C, 24–48 h)",0,19.97–4976.22 µm,CELLOPHANE,µ-FTIR
FW_0043,Crabs (P. armatus),Marine animal origin,"Digestion: 10% KOH (135 rpm, 60°C, 24 h); ASE dichloromethane (180°C, 1500 psi)",0,Not Reported,PS,Py-GC/MS
FW_0044,Croaker (O. ruber),Marine animal origin,"Digestion: 30% H2O2 (65°C, 24–48 h)",0,Not Reported,UNKNOWN,Optical microscopy
FW_0045,Flat fish (C. abbreviatus),Marine animal origin,"Digestion: 35% H2O2; 4% KOH (60°C, 72 h) + 68% HClO4 and 65% HNO3 (Few minutes)",11.3,Not Reported,UNKNOWN,Optical microscopy
FW_0046,Girdled horn snail (C. cingulata),Marine animal origin,Digestion: 30% H2O2,3.7,10–5000 µm,PE,Optical microscopy
FW_0047,Goldstripre sardinella (S. gibbosa),Marine animal origin,"Digestion: 10% KOH (60°C, 24 h)",0.1,115–210 µm,PE,Optical microscopy
FW_0048,Greater lizardfish (S. tumbil),Marine animal origin,"Digestion: 35% H2O2; 4% KOH (60°C, 72 h) + 68% HClO4 and 65% HNO3 (Few minutes)",12,Not Reported,UNKNOWN,Optical microscopy
FW_0049,Haddock (M. aeglefinus),Marine animal origin,"Digestion: 30% H2O2 (80 rpm, 65°C, 24 h + rt, 24–48 h)",0.21,5–5000 µm,PE,Optical microscopy
FW_0050,Limpet (P. vulgata),Marine animal origin,"Microwave assisted digestion: 65% HNO3, 30% H2O3",0,Not Reported,UNKNOWN,Optical microscopy
FW_0051,Mackerel (Canned in sunflower oil),Marine animal origin,"Digestion: 10% KOH (40 °C, 24 h)",0.15,Fibers 1–5 mm Fragments 10–50 µm Films 100–500 µm,PET,Optical microscopy
FW_0052,Mackerel (M. cordyla),Marine animal origin,"Digestion: 10% KOH (60°C, 24 h)",0,115–210 µm,PE,Optical microscopy
FW_0053,Mackerel (R. kanagurta - Dried),Marine animal origin,"Digestion: 10% KOH (40°C, 72 h); density separation: 4.4 M NaI (ρ = 1.5 g/mL)",0.47,1–1000 µm,PP,Optical microscopy
FW_0054,Mackerel (R. kanagurta),Marine animal origin,"Digestion: 10% KOH (60°C, 24 h)",0.13,115–210 µm,PE,Optical microscopy
FW_0055,"Mackerel (R. kanagurta, S. commerson)",Marine animal origin,"Digestion: 30% H2O2 (65°C, 24–48 h)",0,Not Reported,UNKNOWN,Optical microscopy
FW_0056,Mackerel (S. colias),Marine animal origin,"Digestion: 10% KOH (60°C, 24h)",0.6,Not Reported,PE,Optical microscopy
FW_0057,Mackerel (S. scombrus),Marine animal origin,"Digestion: 30% H2O2 (80 rpm, 65°C, 24 h + rt, 24–48 h)",0.29,7–5000 µm,PE,Optical microscopy
FW_0058,Mackerel (T. japonicus),Marine animal origin,"Digestion: 10% KOH + 14% EDTA + 30% H2O2 (40°C, 48 h)",8.33,>30 µm,PP,Optical microscopy
FW_0059,Mackerel (T. trachurus),Marine animal origin,"Digestion: 10% KOH (60°C, 24h)",0.7,Not Reported,PE,Optical microscopy
FW_0060,Manila Clam (Farmed),Marine animal origin,"Digestion: 69–71% HNO3 (90°C, 4 h)",11.3,Not Reported,UNKNOWN,Optical microscopy
FW_0061,Manila Clam (T. philippinarum),Marine animal origin,"Digestion: 10% KOH (100 rpm, 60°C, 24 h); density separation: lithium metatungstate (ρ = 1.6 g/cm3)",1.15,100–200 µm,PE,µ-FTIR
FW_0062,Manila Clam (Wild),Marine animal origin,"Digestion: 69–71% HNO3 (90°C, 4 h)",8.4,Not Reported,UNKNOWN,Optical microscopy
FW_0063,Mullet (C. subviridis - Dried),Marine animal origin,"Digestion: 10% KOH (40°C, 72 h); density separation: 4.4 M NaI (ρ = 1.5 g/mL)",0.3,1–1000 µm,PS,Optical microscopy
FW_0064,Mullet (L. klunzingeri),Marine animal origin,"Digestion: 10% KOH (40°C, 48 h)",0.275,Fibers 50–8000 µm Fragments <500 µm,UNKNOWN,Optical microscopy
FW_0065,Mullet (L. klunzingri),Marine animal origin,"Digestion: 30% H2O2 (65°C, 24–48 h)",0,Not Reported,UNKNOWN,Optical microscopy
FW_0066,Mussel,Marine animal origin,"Digestion: 10% KOH (300 rpm, 60°C, 24 h)",0.76,> 15 µm,PE,Optical microscopy
FW_0067,Mussel,Marine animal origin,"Digestion: lipase, protease (200 rpm, 60°C, 24 h); density separation NaCL (ρ = 1.2 g/mL)",1.43,50–1000 µm,PE,µ-FTIR
FW_0068,Mussel,Marine animal origin,"Digestion:10% KOH (rt, 21 days)",2.19,20–5000 µm,UNKNOWN,Optical microscopy
FW_0069,"Mussel (M. edulis - Depurated, 3 days)",Marine animal origin,"Digestion: 69% NHO3 (rt, 24h + 100°C, 2 h); dilution: water (1:10 v/v, 80°C)",0.24,Not Reported,UNKNOWN,Optical microscopy
FW_0070,Mussel (M. edulis - Farmed),Marine animal origin,"Digestion: 10% KOH (60°C, 24 h)",2.22,Not Reported,PS,Optical microscopy
FW_0071,Mussel (M. edulis - Farmed),Marine animal origin,"Digestion: 30% H2O2 (55–65 °C, until full H2O2 evaporation); density separation: NaCl (ρ = 250 g/L)",178,Not Reported,UNKNOWN,Optical microscopy
FW_0072,"Mussel (M. edulis - Farmed, live)",Marine animal origin,"Digestion: 30% H2O2 (80 rpm, 65°C, 24 h; rt, 24–48 h); density separation: NaCl (ρ = 1.2 g/mL)",0.9,33–4700 µm,PP,Optical microscopy
FW_0073,"Mussel (M. edulis - Farmed, processed)",Marine animal origin,"Digestion: 30% H2O2 (80 rpm, 65°C, 24 h; rt, 24–48 h); density separation: NaCl (ρ = 1.2 g/mL)",1.4,33–4700 µm,PP,Optical microscopy
FW_0074,Mussel (M. edulis - Untreated),Marine animal origin,"Digestion: 69% NHO3 (rt, 24h + 100°C, 2 h); dilution: water (1:10 v/v, 80°C)",0.36,Not Reported,UNKNOWN,Optical microscopy
FW_0075,Mussel (M. edulis - Wild),Marine animal origin,"Digestion: 30% H2O2 (55–65 °C, until full H2O2 evaporation); density separation: NaCl (ρ = 250 g/L)",106,Not Reported,UNKNOWN,Optical microscopy
FW_0076,Mussel (M. edulis - Wild),Marine animal origin,"Digestion: 30% H2O2 (80 rpm, 65°C, 24 h; rt, 24–48 h); density separation: NaCl (ρ = 1.2 g/mL)",0.7,33–4700 µm,PEST,Optical microscopy
FW_0077,Mussel (M. edulis and P. viridis),Marine animal origin,"Digestion: 30% H2O2 (80 rpm, 65°C, 24–48 h); density separation: NaCl solution",0.77,250–1000 µm,PET,Optical microscopy
FW_0078,Mussel (M. edulis),Marine animal origin,"Digestion: 966 UHb/mL Corolase® 7089 (60°C, 24h)",10.4,Not Reported,UNKNOWN,Optical microscopy
FW_0079,Mussel (M. edulis),Marine animal origin,"Digestion: 10% KOH (100 rpm, 60°C, 24 h); density separation: lithium metatungstate (ρ = 1.6 g/cm3)",0.68,100–200 µm,PE,µ-FTIR
FW_0080,Mussel (M. edulis),Marine animal origin,"Digestion: 0.3125% trypsin (250 rmp, 38–42°C, 30 min)",1.05,200–10000 µm,PA,ATR-FTIR
FW_0081,Mussel (M. edulis),Marine animal origin,"Digestion: HNO3:HClO4 4/1 v/v ((80°C, 10 min + 30 min cooling time) * 2)",0.35,200–1500 µm,UNKNOWN,Optical microscopy
FW_0082,Mussel (M. edulis),Marine animal origin,"Proteinase K (50 °C, 2h + shaking 20 min + 60 °C, 20 min); H2O2 ( rt, 24 h)",6,30–2000 µm,UNKNOWN,Optical microscopy
FW_0083,Mussel (M. edulis),Marine animal origin,"Digestion: 30% H2O2 (80 rpm, 65°C, 24 h + rt, 24–48 h); density separation: NaCl",1.5,33–4700 µm,CP,Optical microscopy
FW_0084,Mussel (M. edulis),Marine animal origin,"Digestion: 10% KOH (50°C, 3 h); density separation: NaI (ρ = 2.8 g/mL)",0,Not Reported,UNKNOWN,TGA-FTIR-GC/MS
FW_0085,Mussel (M. edulis),Marine animal origin,"Digestion: 10% KOH (60°C, 24 h); density separation: as such (4 h) + 50% KI (4 h)",0.61,50–100 µm,PP,µ-FTIR
FW_0086,Mussel (M. edulis),Marine animal origin,"Digestion: 10% KOH (60°C, 24h); density separation: as such (4h) + 50% KI (4h)",0.9,30–200 µm,PP,µ-FTIR
FW_0087,Mussel (M. edulis),Marine animal origin,"Digestion: 69% NHO3 (rt, 24h + 100°C, 2 h); dilution: water (1:10 v/v, 80°C)",0.2,Not Reported,LDPE,Optical microscopy
FW_0088,Mussel (M. edulis),Marine animal origin,"Digestion: 65% HNO3 + HClO4 68% (4:1 v:v, rt, 24h + 100 C, 10 min); dilution: dilution: water (1:10 v/v, 100°C)",0.13,Not Reported,UNKNOWN,Optical microscopy
FW_0089,Mussel (M. edulis),Marine animal origin,"Microwave assisted digestion: 65% HNO3, 30% H2O4",19,10–5000 µm,UNKNOWN,Optical microscopy
FW_0090,Mussel (M. galloprovincialis - coastal area),Marine animal origin,"Digestion: 5% w/v Tween 20 (20 rpm, 10 min + 50°C, 2 h) + 1:4 v/v protease P3111 in 0.1 M glycine buffer mixture at pH 9.0 (50 °C, 48 h) + 20% KOH (50 °C, 36 h); density separation: NaI solution (ρ = 1.8 g/mL)",1.06,> 20 µm,PE,Optical microscopy
FW_0091,Mussel (M. galloprovincialis - offshore),Marine animal origin,"Digestion: 5% w/v Tween 20 (20 rpm, 10 min + 50°C, 2 h) + 1:4 v/v protease P3111 in 0.1 M glycine buffer mixture at pH 9.0 (50 °C, 48 h) + 20% KOH (50 °C, 36 h); density separation: NaI solution (ρ = 1.8 g/mL)",0.65,> 20 µm,PE,Optical microscopy
FW_0092,Mussel (M. galloprovincialis),Marine animal origin,"Drying: (60°C, 24 h); density separation: NaCl (ρ = 1.2 g /mL); filtration; digestion; 15% H2O2",0,10–5000 µm,PE,Optical microscopy
FW_0093,Mussel (M. galloprovincialis),Marine animal origin,"Digestion: 30% H2O2 (60°C, 1 h + 80 rpm, untill complete digestion); density separation: NaCl",0.05,Fibers: 530 ± 470 µm Particles: 60.01 ± 38 µm,UNKNOWN,Epifluorence reverse microscopy
FW_0094,Mussel (M. galloprovincialis),Marine animal origin,"Digestion: 30% H2O2 (55–65°C, until complete evaporation of H2O2)",1.9,< 1000 µm,PE,Optical microscopy
FW_0095,Mussel (M. galloprovincialis),Marine animal origin,"Digestion: 10% KOH (sonication 5 min; incubation 90 rpm, 24 h, 60°C)",1.9,25–5000 µm,CP,Optical microscopy
FW_0096,Mussel (M. galloprovincialis),Marine animal origin,"Digestion: 30% H2O2 (80 rpm, 65°C, 24–48 h); density separation: NaCl solution",2.4,5–5000 µm,PE,Optical microscopy
FW_0097,Mussel (M. galloprovincialis),Marine animal origin,"Digestion: 10% KOH (rt, 48 h)",0.03,1200 µm,PES,Optical microscopy
FW_0098,Mussel (M. galloprovincialis),Marine animal origin,"Digestion: 30% H2O2 (50°C, 48 h)",6.2,750–6000 µm,UNKNOWN,Optical microscopy
FW_0099,Mussel (M. galloprovincialis),Marine animal origin,"Digestion: 10% KOH (sonication 5 min; incubation 90 rpm, 60°C, 24 h)",1.4,57–8639 µm,RY,Optical microscopy
FW_0100,"Mussel (M. galloprovincialis), clam (R. decussatus), oyster (C. gigas)",Marine animal origin,"Digestion: 10% KOH (80 rpm, 65°C, 24 h); density separation: NaCl (ρ = 140 g/L)",703.95,50–5000 µm,PP,Optical microscopy
FW_0101,"Mussel (M. galloprovincialis), clam (R. philippinarum, Re. lusoria, S. subcrenata), oyster (c. gigas), razor clam (S. constricta), sea snail (B. canaliculatus)",Marine animal origin,"Digestion: 10% KOH (sonication 5 min; incubation 90 rpm, 24 h, 60°C)",1.2,10–4377 µm,RY,Optical microscopy
FW_0102,"Mussel (M. galloprovincialis, M. edulis - Fresh)",Marine animal origin,"Digestion: 30% H2O2
(65°C, 36–48 h)",0.4,150–6000 µm,PE,Optical microscopy
FW_0103,"Mussel (M. galloprovincialis, M. edulis, M. chilensis - Processed)",Marine animal origin,"Digestion: 30% H2O2
(65°C, 36–48 h)",0.17,150–6000 µm,PE,Optical microscopy
FW_0104,Mussel (M. modiolus),Marine animal origin,"Digestion: 19.3 UHb/mL Corolase® 7089 enzyme mixture (60°C, 24 h)",3.5,Not Reported,PET,Optical microscopy
FW_0105,Mussel (Mytilus spp),Marine animal origin,"Digestion: 10% KOH (140 rpm, 60°C, 24 h)",0,70–3870 µm,CP,Optical microscopy
FW_0106,Mussel (Mytilus spp),Marine animal origin,"Digestion: 9.6 UHb/mL Corolase® 7089 enzyme mixture (60°C, 24 h)",3.2,Not Reported,PET,Optical microscopy
FW_0107,Mussel (P. canaliculus),Marine animal origin,"Digestion: 69% NHO3 (rt, 24 h + 100°C, 2 h); dilution: water (80°C)",0,50–700 µm,PE,Optical microscopy
FW_0108,Mussel (P. perna),Marine animal origin,"Digestion: 10% KOH + 30% H2O2 (40°C, 72 h)",0.87,Not Reported,PE,Optical microscopy
FW_0109,"Mussel (P. perna, farmed depurated)",Marine animal origin,"Digestion: 30% H2O2 (rt, 7 days); density separation: NaCl",18.4,> 45 µm,PA,Optical microscopy
FW_0110,"Mussel (P. perna, farmed not depurated)",Marine animal origin,"Digestion: 30% H2O2 (rt, 7 days); density separation: NaCl",25.9,> 45 µm,PA,Optical microscopy
FW_0111,"Mussel (P. perna, wild depurated)",Marine animal origin,"Digestion: 30% H2O2 (rt, 7 days); density separation: NaCl",16.6,> 45 µm,PA,Optical microscopy
FW_0112,"Mussel (P. perna, wild not depurated)",Marine animal origin,"Digestion: 30% H2O2 (rt, 7 days); density separation: NaCl",31.2,> 45 µm,PA,Optical microscopy
FW_0113,Mussel (P. viridis),Marine animal origin,"Digestion: 10% KOH (125 rpm, 40°C, 72 h); staining: Nile red 5 µg/mL (30 min)",3.28,21.06–1500 µm,PU,Fluorescence microscopy
FW_0114,Mussel (P. viridis),Marine animal origin,"Digestion: 10% KOH + 14% EDTA + 30% H2O2 (40°C, 48 h)",32.7,>30 µm,PP,Optical microscopy
FW_0115,Mussel (P. viridis),Marine animal origin,"Digestion: 10% KOH + 30% H2O2 (40°C, 72 h)",0.87,Not Reported,PE,Optical microscopy
FW_0116,Mussel (P. viridis),Marine animal origin,"Digestion: 10% KOH (60°C, 24 h); density separation: 50% KI",2.06,Not Reported,PP,µ-FTIR
FW_0117,Mussel (Stuffed),Marine animal origin,"Digestion: KOH/NaClO/H2O2 1:1:5 (rt, 10 days); density separatio: NaI (ρ = 1.6 g/mL)",0.63,500–5000 µm,PE,Optical microscopy
FW_0118,"Mussels (C. meridionalis, M. meridionalis)",Marine animal origin,"Digestion: 10% KOH (60°C, 48 h)",3.83,250–1000 µm,PET,Optical microscopy
FW_0119,"Mussels (M. edulis, M. galloprovincialis - Wild)",Marine animal origin,"Digestion: 10% KOH (60°C, 24 h)",0.41,Not Reported,PS,Optical microscopy
FW_0120,Mussels (M. galloprovincialis),Marine animal origin,"Digestion: 10% KOH (50°C, untill complete digestion); density separation: NaCl (ρ = 1.2 g /mL)",3.8,Not Reported,UNKNOWN,Optical microscopy
FW_0121,"Mussels (M. galloprovincialis, C. meridionalis, A. ater)",Marine animal origin,"Digestion: 10% KOH (60°C, 24 h)",4.27,50–1000 µm,UNKNOWN,Optical microscopy
FW_0122,Northern whiting (S. sihama),Marine animal origin,"Digestion: 35% H2O2; 4% KOH (60°C, 72 h) + 68% HClO4 and 65% HNO3 (Few minutes)",16,Not Reported,UNKNOWN,Optical microscopy
FW_0123,Obtuse barracuda (S. obtusata),Marine animal origin,"Digestion: 10% KOH (60°C, 24 h)",0,115–210 µm,PE,Optical microscopy
FW_0124,Orange-spotted grouper (E. coioides),Marine animal origin,"Digestion: 10% KOH (40°C, 48 h)",7.75,Not Reported,UNKNOWN,Optical microscopy
FW_0125,Orange-spotted grouper (E. coioides),Marine animal origin,"Digestion: 10% KOH (40°C, 48 h)",0.158,Fibers 50–8000 µm Fragments <500 µm,UNKNOWN,Optical microscopy
FW_0126,Orient clam (M. lusoria),Marine animal origin,"Digestion: 30% H2O2 (80 rpm, 65°C, 24–48 h); density separation: NaCl solution",4.1,5–5000 µm,PE,Optical microscopy
FW_0127,Oyster,Marine animal origin,"Digestion: lipase, protease (200 rpm, 60°C, 24 h); density separation NaCL (ρ = 1.2 g/mL)",1.13,50–1000 µm,PE,µ-FTIR
FW_0128,Oyster (A. plicatula),Marine animal origin,"Digestion: 30% H2O2 (80 rpm, 65°C, 24–48 h); density separation: NaCl solution",5.7,5–5000 µm,PE,Optical microscopy
FW_0129,Oyster (Background area),Marine animal origin,"Digestion: 10% KOH (70 rpm, 60–65°C, 24 h + rt, 24 h); density separation: saturated NaI solution; staining: 0.1 µg/L Nile red",0.06,100–500 µm,PET,Optical microscopy
FW_0130,Oyster (C. gasar - Epatopancreas),Marine animal origin,"Digestion: 10% KOH (40°C, 48 h); density separation: NaCl",0.64,30–5000 µm,UNKNOWN,Optical microscopy
FW_0131,"Oyster (C. gigas - Depurated, 3 days)",Marine animal origin,"Digestion: 69% NHO3 (rt, 24h + 100°C, 2 h); dilution: water (1:10 v/v, 80°C)",0.35,Not Reported,UNKNOWN,Optical microscopy
FW_0132,Oyster (C. gigas - Untreated),Marine animal origin,"Digestion: 69% NHO3 (rt, 24h + 100°C, 2 h); dilution: water (1:10 v/v, 80°C)",0.47,Not Reported,UNKNOWN,Optical microscopy
FW_0133,Oyster (C. gigas),Marine animal origin,Digestions: 10% KOH (24 h); density separation: NaCl (ρ = 1.2 g/cm3),10.95,Not Reported,PET,Optical microscopy
FW_0134,Oyster (C. gigas),Marine animal origin,"Digestion: 30% H2O2 (60°C, 1 h + 80 rpm, untill complete digestion); density separation: NaCl",0,Fibers: 530 ± 470 µm Particles: 60.01 ± 38 µm,UNKNOWN,Epifluorence reverse microscopy
FW_0135,Oyster (C. gigas),Marine animal origin,"Digestion: 10% KOH (100 rpm, 60°C, 24 h); density separation: lithium metatungstate (ρ = 1.6 g/cm3)",0.77,100–200 µm,PE,µ-FTIR
FW_0136,Oyster (C. gigas),Marine animal origin,"Digestion: 10% KOH (60°C, 24 h); density separation: CaCl2 (ρ = 1.4 g/mL)",0.1,10–5000 µm,PES,Optical microscopy
FW_0137,Oyster (C. gigas),Marine animal origin,"Microwave assisted digestion: 65% HNO3, 30% H2O5",30,10–5000 µm,UNKNOWN,Optical microscopy
FW_0138,Oyster (C. gigas),Marine animal origin,"Digestion: 30% H2O2 (80 rpm, 65°C, 24 h); density separation: 25% saline solution",0.04,50–150 µm,PP,Optical microscopy
FW_0139,Oyster (C. gigas),Marine animal origin,"Digestion: 10% KOH (60°C, 24 h); density separation: as such (4 h) + 50% KI (4 h)",2.1,50–100 µm,PE,µ-FTIR
FW_0140,Oyster (C. gigas),Marine animal origin,"Digestion: 10% KOH (135 rpm, 60°C, 24 h); ASE dichloromethane (180°C, 1500 psi)",0,Not Reported,PS,Py-GC/MS
FW_0141,Oyster (C. gigas),Marine animal origin,"Digestion: 10% KOH (135 rpm, 60°C, 24 h)",0,159–2236 µm,PP,Optical microscopy
FW_0142,Oyster (C. gigas),Marine animal origin,"Digestion: 10% KOH (135 rpm, 60°C, 24 h); sequential filtration (size fractions > 22 μm / 1–22 μm / < 1 μm); ASE dichloromethane (180 °C, 1500 psi)",0,> 22 µm,PP,Py-GC/MS
FW_0143,Oyster (C. gigas),Marine animal origin,"Digestion: 10% KOH (135 rpm, 60°C, 24 h); sequential filtration (size fractions > 22 μm / 1–22 μm / < 1 μm); ASE dichloromethane (180 °C, 1500 psi)",0,1–22 µm,PP,Py-GC/MS
FW_0144,Oyster (C. gigas),Marine animal origin,"Digestion: 10% KOH (135 rpm, 60°C, 24 h); sequential filtration (size fractions > 22 μm / 1–22 μm / < 1 μm); ASE dichloromethane (180 °C, 1500 psi)",0,< 1 µm,PP,Py-GC/MS
FW_0145,Oyster (C. gigas),Marine animal origin,Digestion:10% KOH (60°C),0.6,> 500 µm,UNKNOWN,Optical microscopy
FW_0146,"Oyster (C. gigas, C. angulate, C. hongkongensis, C. sikamea)",Marine animal origin,"Digestion: 10% KOH + 30% H2O2 (60°C, 48 h)",2.93,20.34–4807.22 µm,CP,Optical microscopy
FW_0147,Oyster (C. hongkongensis),Marine animal origin,"Digestion: 10% KOH (80 rpm, 40°C, 48–96 h)",3.2,Not Reported,RY,Optical microscopy
FW_0148,Oyster (C. virginica),Marine animal origin,"Digestion: 30% H2O2 (80 rpm, 65°C, 24 h)",7.6,Not Reported,UNKNOWN,"Optical microscopy,"
FW_0149,Oyster (O. denselamellosa),Marine animal origin,"Digestion: 10% KOH + 30% H2O2 (60°C, 24 h)",1.67,74–2000 µm,UNKNOWN,Optical microscopy
FW_0150,Oyster (O. edulis),Marine animal origin,"Drying: (60°C, 24 h); density separation: NaCl (ρ = 1.2 g /mL); filtration; digestion; 15% H2O2",0,11–5000 µm,PE,Optical microscopy
FW_0151,Oyster (P. radiata),Marine animal origin,Digestion: 30% H2O2,3.9,10–5000 µm,PE,Optical microscopy
FW_0152,Oyster (Port area),Marine animal origin,"Digestion: 10% KOH (70 rpm, 60–65°C, 24 h + rt, 24 h); density separation: saturated NaI solution; staining: 0.1 µg/L Nile red",0.15,100–500 µm,PET,Optical microscopy
FW_0153,Oyster (S. cucullata),Marine animal origin,"Digestion: 10% KOH (80 rpm, 65°C, 24 h); density separation: NaCl",1.4,Not Reported,PET,Optical microscopy
FW_0154,Oyster (S. forskalii - Coastal fishery village),Marine animal origin,"Digestion: 69% NHO3 (rt, 24 h + 100°C, 2 h); dilution: water (1:10 v/v, 80°C)",0.57,Not Reported,PS,Optical microscopy
FW_0155,Oyster (S. forskalii - Royal Thai Naval base),Marine animal origin,"Digestion: 69% NHO3 (rt, 24 h + 100°C, 2 h); dilution: water (1:10 v/v, 80°C)",0.43,Not Reported,PS,Optical microscopy
FW_0156,Oyster (S. forskalii - Tourist destination),Marine animal origin,"Digestion: 69% NHO3 (rt, 24 h + 100°C, 2 h); dilution: water (1:10 v/v, 80°C)",0.37,Not Reported,PS,Optical microscopy
FW_0157,Patagonian scallops (Z. patagonica),Marine animal origin,"Digestion: 30% H2O2 (80 rpm, 65°C, 24 h + rt, 24–48 h)",0.32,10–5000 µm,PE,Optical microscopy
FW_0158,Periwinkle (L. littorea),Marine animal origin,"Microwave assisted digestion: 65% HNO3, 30% H2O4",2,Not Reported,UNKNOWN,Optical microscopy
FW_0159,Periwinkle (L. littorea),Marine animal origin,"Microwave assisted digestion: 65% HNO3, 30% H2O3",20,10–5000 µm,UNKNOWN,Optical microscopy
FW_0160,Periwinkle (Littoraria sp - Coastal fishery village),Marine animal origin,"Digestion: 69% NHO3 (rt, 24 h + 100°C, 2 h); dilution: water (1:10 v/v, 80°C)",0.23,Not Reported,PS,Optical microscopy
FW_0161,Periwinkle (Littoraria sp - Royal Thai Naval base),Marine animal origin,"Digestion: 69% NHO3 (rt, 24 h + 100°C, 2 h); dilution: water (1:10 v/v, 80°C)",0.17,Not Reported,PS,Optical microscopy
FW_0162,Plaice (P. platessa),Marine animal origin,"Digestion: 30% H2O2 (80 rpm, 65°C, 24 h + rt, 24–48 h)",0.77,8–5000 µm,PE,Optical microscopy
FW_0163,Prawn (P. aemisulcatus),Marine animal origin,"Digestion: 10% KOH (40°C, 48 h)",0.36,Fibers 50–8000 µm Fragments <500 µm,UNKNOWN,Optical microscopy
FW_0164,Prawn (P. esculentus),Marine animal origin,"Digestion: 10% KOH (135 rpm, 60°C, 24 h); ASE dichloromethane (180°C, 1500 psi)",0,Not Reported,PS,Py-GC/MS
FW_0165,Prawn (P. indicus),Marine animal origin,"Digestion: 35% H2O2; 4% KOH (60°C, 72 h) + 68% HClO4 and 65% HNO3 (Few minutes)",13.8,Not Reported,UNKNOWN,Optical microscopy
FW_0166,Prawn (P. kerathurus),Marine animal origin,"Drying: (60°C, 24 h); density separation: NaCl (ρ = 1.2 g /mL); filtration; digestion; 15% H2O2",1,13–5000 µm,PE,Optical microscopy
FW_0167,Prawn (S. semisulcatus),Marine animal origin,"Digestion: 35% H2O2; 4% KOH (60°C, 72 h) + 68% HClO4 and 65% HNO3 (Few minutes)",12,Not Reported,UNKNOWN,Optical microscopy
FW_0168,Rainbow sardine (D. acuta),Marine animal origin,"Digestion: 10% KOH (60°C, 24 h)",0.1,115–210 µm,PE,Optical microscopy
FW_0169,Razor clams (S. patula),Marine animal origin,Digestions: 10% KOH (24 h); density separation: NaCl (ρ = 1.2 g/cm3),8.84,Not Reported,PET,Optical microscopy
FW_0170,Sardine (S. longiceps),Marine animal origin,"Digestion: 10% KOH (60°C, 24 h)",0.1,115–210 µm,PE,Optical microscopy
FW_0171,Sardines (S. neopilchardus),Marine animal origin,"Digestion: 10% KOH (135 rpm, 60°C, 24 h); ASE dichloromethane (180°C, 1500 psi)",0,Not Reported,PS,Py-GC/MS
FW_0172,Scallop (C. farreri),Marine animal origin,"Digestion: 10% KOH (sonication 5 min; incubation 90 rpm, 24 h, 60°C)",5.2,25–5000 µm,CP,Optical microscopy
FW_0173,Scallop (P. yessoensis),Marine animal origin,"Digestion: 10% KOH (100 rpm, 60°C, 24 h); density separation: lithium metatungstate (ρ = 1.6 g/cm3)",1.21,100–200 µm,PE,µ-FTIR
FW_0174,Scallop (P. yessoensis),Marine animal origin,"Digestion: 30% H2O2 (80 rpm, 65°C, 24–48 h); density separation: NaCl solution",2.3,5–5000 µm,PE,Optical microscopy
FW_0175,Scampi (N. norvegicus),Marine animal origin,"Drying: (60°C, 24 h); density separation: NaCl (ρ = 1.2 g /mL); filtration; digestion; 15% H2O2",1,14–5000 µm,PE,Optical microscopy
FW_0176,Scottish scallops (P. maximus),Marine animal origin,"Digestion: 30% H2O2 (80 rpm, 65°C, 24 h + rt, 24–48 h)",0.17,9–5000 µm,PE,Optical microscopy
FW_0177,Sea bass (S. scriba),Marine animal origin,"Digestion: 10% KOH (60°C, 24h)",6.03,> 0.45 µm,UNKNOWN,Raman
FW_0178,Sea urnich (P. lividus),Marine animal origin,"Drying: (60°C, 24 h); density separation: NaCl (ρ = 1.2 g /mL); filtration; digestion; 15% H2O2",1,15–5000 µm,PE,Optical microscopy
FW_0179,Seabass (D. labrax),Marine animal origin,"Digestion: 30% H2O2 (80 rpm, 65°C, 24 h + rt, 24–48 h)",0.18,6–5000 µm,PE,Optical microscopy
FW_0180,Seabass (D. labrax),Marine animal origin,"Digestion: 10% KOH (60°C, 24h)",0.4,Not Reported,PE,Optical microscopy
FW_0181,Seabass (L. maculatus),Marine animal origin,"Digestion: 30% H2O2 (80 rpm, 65°C, 72 h)",0,Not Reported,UNKNOWN,Optical microscopy
FW_0182,Shad (A. chacunda),Marine animal origin,"Digestion: 10% KOH (60°C, 24 h)",0.03,115–210 µm,PE,Optical microscopy
FW_0183,Shrimp (A. djedaba),Marine animal origin,"Digestion: 10% KOH (40°C, 48 h)",8,Not Reported,UNKNOWN,Optical microscopy
FW_0184,Shrimp (C. affinis),Marine animal origin,"Digestion: 65% HNO3 + 30% H2O2 (1:3, v/v); density separation: NaI solution (ρ = 1.8 g/mL)",8.6,50–5000 µm,UNKNOWN,Optical microscopy
FW_0185,Shrimp (C. allmanni),Marine animal origin,Digestions: 10% KOH (50°C overnight); density separation: NaCl (ρ = 1.2 g/cm3),1.8,43–9000 µm,PE,Optical microscopy
FW_0186,Shrimp (F. indicus),Marine animal origin,"Digestion: 10% KOH (60°C, 24 h)",0.39,157–2785 µm,PA,Optical microscopy
FW_0187,Shrimp (F. indicus),Marine animal origin,"Digestion: 10% KOH (60 °C, 24 h)",0,130–286 µm,PP,Optical microscopy
FW_0188,Shrimp (M. affini),Marine animal origin,"Digestion: 10% KOH ( 80 rpm, 60°C, 48 h); density separation: NaI saturated solution",1.02,Not Reported,PET,Optical microscopy
FW_0189,Shrimp (M. dobsoni),Marine animal origin,"Digestion: 10% KOH (60 °C, 24 h)",0,130–286 µm,PP,Optical microscopy
FW_0190,Shrimp (M. monocerous),Marine animal origin,"Digestion: 30% H2O2 (80 rpm, 65°C, 24 h); density separation: NaCl (ρ = 1.2 g/mL)",7.8,< 5000 µm,PA,Optical microscopy
FW_0191,Shrimp (P. hardwickii),Marine animal origin,"Digestion: 10% KOH + 30% H2O2 (60°C, 24 h)",0.95,74–2000 µm,UNKNOWN,Optical microscopy
FW_0192,Shrimp (P. monodon),Marine animal origin,"Digestion: 30% H2O2 (80 rpm, 65°C, 24 h); density separation: NaCl (ρ = 1.2 g/mL)",6.6,< 5000 µm,PA,Optical microscopy
FW_0193,Shrimp (S. mantis),Marine animal origin,"Drying: (60°C, 24 h); density separation: NaCl (ρ = 1.2 g /mL); filtration; digestion; 15% H2O2",1.25,12–5000 µm,PE,Optical microscopy
FW_0194,Shrimp paste,Marine animal origin,Digestion: 30% H2O2 (55–65 ℃); density separation: NaCl (ρ = 250 g/mL),0.6,101–2000 µm,PET,Visual identification
FW_0195,Silver sillago (S. sihama),Marine animal origin,"Digestion: 30% H2O2 (65°C, 24–48 h)",0,Not Reported,UNKNOWN,Optical microscopy
FW_0196,"Snapper (L. johni, L. malabaricus, L. fulviflammus)",Marine animal origin,"Digestion: 30% H2O2 (65°C, 24–48 h)",0,Not Reported,UNKNOWN,Optical microscopy
FW_0197,Spangled emperor (L. nebulosus),Marine animal origin,"Digestion: 30% H2O2 (65°C, 24–48 h)",0,Not Reported,UNKNOWN,Optical microscopy
FW_0198,Squid (N. gouldi),Marine animal origin,"Digestion: 10% KOH (135 rpm, 60°C, 24 h); ASE dichloromethane (180°C, 1500 psi)",0,Not Reported,PS,Py-GC/MS
FW_0199,Squid (U. duvaucelii),Marine animal origin,"Digestion: 10% KOH (60 °C, 24 h)",0.18,130–286 µm,PP,Optical microscopy
FW_0200,Thryssa (T. dussumieri),Marine animal origin,"Digestion: 10% KOH (60°C, 24 h)",0.1,115–210 µm,PE,Optical microscopy
FW_0201,Trevally (C. malabaricus),Marine animal origin,"Digestion: 30% H2O2 (65°C, 24–48 h)",0,Not Reported,UNKNOWN,Optical microscopy
FW_0202,Tuna (Canned in brine),Marine animal origin,"Digestion: 10% KOH (40 °C, 24 h)",0.22,Fibers 1–5 mm Fragments 10–50 µm Films 100–500 µm,PET,Optical microscopy
FW_0203,Tuna (Canned in olive oil),Marine animal origin,"Digestion: 10% KOH (40 °C, 24 h)",0.09,Fibers 1–5 mm Fragments 10–50 µm Films 100–500 µm,PET,Optical microscopy
FW_0204,Tuna (Canned in soybean oil),Marine animal origin,"Digestion: 10% KOH (40 °C, 24 h)",0.07,Fibers 1–5 mm Fragments 10–50 µm Films 100–500 µm,PET,Optical microscopy
FW_0205,Tuna (Canned in sunflower oil),Marine animal origin,"Digestion: 10% KOH (40 °C, 24 h)",0.27,Fibers 1–5 mm Fragments 10–50 µm Films 100–500 µm,PET,Optical microscopy
FW_0206,Tuna (T. tonggol).,Marine animal origin,"Digestion: 30% H2O2 (65°C, 24–48 h)",0,Not Reported,UNKNOWN,Optical microscopy
FW_0207,Urchin,Marine animal origin,"Digestion: 10% KOH (60 rpm, 40°C, 48 h)",2.2,27–4742 µm,CP,Optical microscopy
FW_0208,Urchin (B. lyrifera),Marine animal origin,Digestions: 10% KOH (50°C overnight); density separation: NaCl (ρ = 1.2 g/cm3),1.8,42–9000 µm,PE,Optical microscopy
FW_0209,Chicken breast (Packaged in extruded polyestere tray),Terrestrial animal origin,Rinse: water,4,300 – 450 µm,XPS,Optical microscopy
FW_0210,Chicken crop,Terrestrial animal origin,Density separation: demineralized water,1.5,100 – 5000 µm,UNKNOWN,Optical microscopy
FW_0211,Chicken gizzard,Terrestrial animal origin,Density separation: demineralized water,6.1,1000 – 5000 µm,UNKNOWN,Optical microscopy
FW_0212,Milk,Terrestrial animal origin,Warming,3,100 – 5000 µm,PES,SEM-EDS
FW_0213,Milk (Skimmed),Terrestrial animal origin,Dilution: 1:1 v/v distilled water; sieving (250 µm); digestion: 30% H2O2; sieving (250 µm),16,Fibers 13.45 – 6742.48 µm Particles:  2.48 – 247.54 µm,PE,Optical microscopy
FW_0214,Terrestrail snail  (H. pomatia),Terrestrial animal origin,"Digestion: 22.5M HNO3 (60°C, 2h)",0.01,100 – 2500 µm,UNKNOWN,Optical microscopy
FW_0215,Terrestrial snail (H. aspersa),Terrestrial animal origin,"Digestion: 22.5M HNO3 (60°C, 2h)",0.1,100 – 2500 µm,UNKNOWN,Optical microscopy
FW_0216,Terrestrial snails (H. aperta),Terrestrial animal origin,"Digestion: 22.5M HNO3 (60°C, 2h)",0.04,100 – 2500 µm,UNKNOWN,Optical microscopy
FW_0217,Turkey escalopes (Packaged in extruded polyestere tray),Terrestrial animal origin,Rinse: water,4,300 – 450 µm,XPS,Optical microscopy
FW_0218,Apple (M. domestica),Plant origin,"Exsication (80°C, 24h); digestion: 65% HNO3; density separation: dichloromethane, centrifugation",195500,1.51 – 2.52 µm,UNKNOWN,SEM-EDX
FW_0219,Broccoli (B. oleracea italica),Plant origin,"Exsication (80°C, 24h); digestion: 65% HNO3; density separation: dichloromethane, centrifugation",126150,1.51 – 2.52 µm,UNKNOWN,SEM-EDX
FW_0220,Carrot (D. carota),Plant origin,"Exsication (80°C, 24h); digestion: 65% HNO3; density separation: dichloromethane, centrifugation",101950,1.51 – 2.52 µm,UNKNOWN,SEM-EDX
FW_0221,Lettuce (L. sativa),Plant origin,"Exsication (80°C, 24h); digestion: 65% HNO3; density separation: dichloromethane, centrifugation",50550,1.51 – 2.52 µm,UNKNOWN,SEM-EDX
FW_0222,Nori seaweed (Pyropia spp. - Packed end product),Plant origin,"Digestion: 0.1% cellulase (pH 4.5 - 6.0, 80 rpm, 55℃, 1 h) + alcalase (pH 6.0–7.0, 80 rpm, 55 ℃, 1 h) + 30% H2O2 (80 rpm, 65 ℃, 72 h); density separation: saturated NaCl solution",0.9,110 – 4970 µm,PES,Optical microscopy
FW_0223,Pear (P. communi ),Plant origin,"Exsication (80°C, 24h); digestion: 65% HNO3; density separation: dichloromethane, centrifugation",189550,1.51 – 2.52 µm,UNKNOWN,SEM-EDX
FW_0224,Lake salt,Salt,"Digestion: 30% H2O2 (80 rpm, 65°C, 24 h + rt, 48 h); density separation: 4 M NaI (ρ = 1.8 g/mL)",8,Not Reported,PE,Optical microscopy
FW_0225,Lake salt,Salt,"1st digestion (sample): 17.25% H2O2 (120 rpm, 60°C, 72 h); dissolution in filtered water (5:1 v/w). 2nd digestion (precipitate): 35% H2O2 (120 rpm, 60°C, 24 h)",28,100 – 5000 µm,PP,Optical microscopy
FW_0226,Lake salt,Salt,"Digestion: 30% H2O2 (80 rpm, 65°C, 24 h + rt, 48 h); dissolution: water (3:1 v/w)",43,45 – 4300 µm,PET,Optical microscopy
FW_0227,Rock salt,Salt,"Digestion: 30% H2O2 (80 rpm, 65°C, 24 h + rt, 48 h); density separation: 4 M NaI (ρ = 1.8 g/mL)",9,Not Reported,PP,Optical microscopy
FW_0228,Rock salt,Salt,"1st digestion (sample): 17.25% H2O2 (120 rpm, 60°C, 72 h); dissolution in filtered water (5:1 v/w). 2nd digestion (precipitate): 35% H2O2 (120 rpm, 60°C, 24 h)",0,100 – 5000 µm,PET,Optical microscopy
FW_0229,Rock/well salt,Salt,"Digestion: 30% H2O2 (80 rpm, 65°C, 24 h + rt, 48 h); dissolution: water (3:1 v/w)",7,45 – 4300 µm,PET,Optical microscopy
FW_0230,Salt,Salt,Dissolution: deionized water 10:1 v/w; density separation: NaI solution,10,160 – 980 µm,PP,Optical microscopy
FW_0231,Salt,Salt,Dissolution: distilled water (20:1 v/w),212,100 – 5000 µm,UNKNOWN,Optical microscopy
FW_0232,Salt,Salt,Dissolution: filtered water (1:8 v/w),9.77,89.7 – 1474.9 µm,PP,Optical microscopy
FW_0233,Salt,Salt,Dissolution: deionized water (3:1 v/w),1570,4 – 4628 µm,UNKNOWN,Optical microscopy
FW_0234,Salt,Salt,Dissolution: deionized water (3:1 v/w),70,10 – 150 µm,PET,µ-FTIR
FW_0235,Salt,Salt,"Digestion: 30% H2O2 (80 rpm, 65°C, 24 h + rt, 48 h); dissolution: water (4:1 v/w)",103,Not Reported,PES,Optical microscopy
FW_0236,Salt,Salt,Dissolution: water (20:3 v/w),6.7,390 – 9360 µm,POLYVINYL,Optical microscopy
FW_0237,Sea salt,Salt,"Digestion: 30% H2O2 (80 rpm, 65°C, 24 h + rt, 48 h); density separation: 4 M NaI (ρ = 1.8 g/mL)",16,Not Reported,PU,Optical microscopy
FW_0238,Sea salt,Salt,"Dissolution: distilled water; centrifugation (1900 rpm, 1 h)",50,30 – 3500 µm,PET,Optical microscopy
FW_0239,Sea salt,Salt,"1st digestion (sample): 17.25% H2O2 (120 rpm, 60°C, 72 h); dissolution in filtered water (5:1 v/w). 2nd digestion (precipitate): 35% H2O2 (120 rpm, 60°C, 24 h)",0,100 – 5000 µm,PE,Optical microscopy
FW_0240,Sea salts,Salt,"Digestion: 30% H2O2 (80 rpm, 65°C, 24 h + rt, 48 h); dissolution: water (3:1 v/w)",550,45 – 4300 µm,PET,Optical microscopy
FW_0241,Table salt,Salt,"Digestion: 30% H2O2 (80 rpm, 65°C, 24h); dissolution: distilled water",0.67,3.3 – 4660 µm,PVA,Optical microscopy
FW_0242,Table salt,Salt,"Digestion: 30% H2O2 (65°C, 24 h); dissolution: MilliQ water (80:1 v/w)",467,Not Reported,PA,Optical microscopy
FW_0243,Well salt,Salt,"Dissolution: distilled water; centrifugation (1900 rpm, 1 h)",115,30 – 3500 µm,PET,Optical microscopy
FW_0244,Cane sugar (Unrefined),Honey and Sugar,"Dissolution: deionized water; digestion: 30% H2O2 (rt, 24 h)",560,Not Reported,UNKNOWN,Optical microscopy
FW_0245,Honey,Honey and Sugar,"Dissolution: deionized water; digestion: 30% H2O2 (rt, 24 h); staining: Rose Bengal",10,Not Reported,UNKNOWN,Optical microscopy
FW_0246,Honey,Honey and Sugar,"Dissolution: water (1:1 v/v); digestion: 30% H2O2 (50°C, 1h + rt, 72 h)",0,>30 µm,PET,Optical microscopy
FW_0247,Honey,Honey and Sugar,"Digestion: 30% H2O2 (rt, 72 h)",40,Not Reported,UNKNOWN,Optical microscopy
FW_0248,Honey (craft),Honey and Sugar,Dilution: 1:1 v/v distilled water; sieving (250 µm); digestion: 30% H2O2; sieving (250 µm),36,Fibers:  13.45 – 6742.48 µm Particles:  2.48 – 247.54 µm,PE,Optical microscopy
FW_0249,Honey (industrial ),Honey and Sugar,Dilution: 1:1 v/v distilled water; sieving (250 µm); digestion: 30% H2O2; sieving (250 µm),22,Fibers:  13.45 – 6742.48 µm  Particles:  2.48 – 247.54 µm,PE,Optical microscopy
FW_0250,Sugar (Refined),Honey and Sugar,"Dissolution: deionized water; digestion: 30% H2O2 (rt, 24 h)",217,Not Reported,UNKNOWN,Optical microscopy
FW_0251,Beer,Water and Beverages,Staining: 200 mg/L Rose Bengal,4.05,100 – 5000 µm,UNKNOWN,Optical microscopy
FW_0252,Beer,Water and Beverages,Not Reported,2,Not Reported,UNKNOWN,Optical microscopy
FW_0253,Beer,Water and Beverages,Not Reported,28,103 – 3000 µm,PA,Optical microscopy
FW_0254,Beer (Craft),Water and Beverages,Dilution: 1:1 v/v distilled water; sieving (250 µm); digestion: 30% H2O2; sieving (250 µm),8,Fibers:  13.45 – 6742.48 µm Particles:  2.48 – 247.54 µm,PE,Optical microscopy
FW_0255,Beer (Industrial ),Water and Beverages,Dilution: 1:1 v/v distilled water; sieving (250 µm); digestion: 30% H2O2; sieving (250 µm),29,Fibers:  13.45 – 6742.48 µm Particles:  2.48 – 247.54 µm,PE,Optical microscopy
FW_0256,Bottled water,Water and Beverages,Staining: 200 mg/L Rose Bengal,3.57,100 – 5000 µm,UNKNOWN,Optical microscopy
FW_0257,Bottled water,Water and Beverages,Staining: 20  µg/mL Rose Bengal (30 min),0,1280 – 4200 µm,PE,Miscroscopic observation
FW_0258,Bottled water,Water and Beverages,Staining: 10 μg/mL Nile red (30 min),325,>6.5 µm,PP,Optical microscopy
FW_0259,Bottled water,Water and Beverages,Not Reported,2,25 – 5000 µm,PP,µ-FTIR
FW_0260,Bottled water,Water and Beverages,"Digestion: 65% HNO3; density separation: water + dichloromethane, centrifugation",3.16,1.28 – 4.2 µm,UNKNOWN,SEM-EDX
FW_0261,"Bottled water (""Newish"" reusable PET bottles)",Water and Beverages,Not Reported,2689,> 1 µm,PET,µ-Raman
FW_0262,"Bottled water (""Older"" reusable PET bottles)",Water and Beverages,Not Reported,8339,> 1 µm,PET,µ-Raman
FW_0263,Bottled water (Beverage cartons),Water and Beverages,Not Reported,11,1 – 500 µm,PE,µ-Raman
FW_0264,Bottled water (Glass bottles),Water and Beverages,Not Reported,6292,> 1 µm,PE,µ-Raman
FW_0265,Bottled water (Glass bottles),Water and Beverages,Not Reported,50,1 – 500 µm,PEST,µ-Raman
FW_0266,Bottled water (Glass bottles),Water and Beverages,Not Reported,52,104 – 3000 µm,PA,Optical microscopy
FW_0267,Bottled water (Mineral water),Water and Beverages,Staining: 100  µg/mL 1-pyrenebutyric acid N-hydroxysuccinimidyl ester (PBN),12,40 – 723 µm,UNKNOWN,Fluorescence microscopy
FW_0268,Bottled water (Returnable bottles),Water and Beverages,Not Reported,118,1 – 500 µm,PEST,µ-Raman
FW_0269,Bottled water (Single use PET bottles),Water and Beverages,"Staining: 1 μg/L Nile red (30°C, 30 min)",140,>6.5 µm,PET,Optical microscopy
FW_0270,Bottled water (Single use PET bottles),Water and Beverages,Not Reported,2649,> 1 µm,PET,µ-Raman
FW_0271,"Bottled water (Single use PET bottles, HDPE cap)",Water and Beverages,Not Reported,0,≤3 µm,UNKNOWN,SEM-EDS
FW_0272,Bottled water (Single-use bottles),Water and Beverages,Not Reported,14,1 – 500 µm,PEST,µ-Raman
FW_0273,Bottled water (Sparkling water),Water and Beverages,Staining: 100  µg/mL 1-pyrenebutyric acid N-hydroxysuccinimidyl ester (PBN),6,40 – 723 µm,UNKNOWN,Fluorescence microscopy
FW_0274,Drinking water,Water and Beverages,"Digestion: 37 % HCl (pH 1.3 - 1.5, rt, 24 - 48 h)",0,>10 µm,UNKNOWN,µ-Raman spectroscopy
FW_0275,Drinking water (High-performance drinking water treatment plant),Water and Beverages,Density separation: sodium polytungstate solution (ρ = 1.8 g/mL),0.174,8 – 374 µm,PA,µ-FTIR
FW_0276,Energy drink,Water and Beverages,Not Reported,6,102 – 3000 µm,PA,Optical microscopy
FW_0277,Groundwater,Water and Beverages,Not Reported,0,5 – 1000 µm,PE,µ-Raman
FW_0278,Iced tea,Water and Beverages,Not Reported,1,100 – 3000 µm,PA,Optical microscopy
FW_0279,Refreshing beverages,Water and Beverages,Dilution: 1:1 v/v distilled water; sieving (250 µm); digestion: 30% H2O2; sieving (250 µm),8,Fibers:  13.45 – 6742.48 µm Particles:  2.48 – 247.54 µm,PE,Optical microscopy
FW_0280,Soft drink,Water and Beverages,Not Reported,7,101 – 3000 µm,PA,Optical microscopy
FW_0281,Tap water,Water and Beverages,Staining: 200 mg/L Rose Bengal,5.45,100 – 5000 µm,UNKNOWN,Optical microscopy
FW_0282,Tap water,Water and Beverages,Not Reported,0,5 – 1000 µm,PE,µ-Raman
FW_0283,Tap water,Water and Beverages,"Digestion: 1.17 g/L HCl (24 h); staining: 5  µg/mL Nile red (rt, 30 min)",0,3 – 4453 µm,PE,Fluorescence microscopy
FW_0284,Tap water,Water and Beverages,Not Reported,0.3,Not Reported,RY,Optical microscopy
FW_0285,Tap water (Output of water treatment plant),Water and Beverages,Not Reported,0.06,20 – 5000 µm,PES,Optical microscopy
FW_0286,Tap water (Treated),Water and Beverages,Not Reported,0.0007,50 – 150 µm,PES,µ-FTIR
FW_0287,Tap water (Treated),Water and Beverages,"Digestion: 30% H2O2 (75°C, 30 min)",338,>1 µm,PET,SEM
FW_0288,Wine,Water and Beverages,Staining: 0.01 mg/mL Nile red,2563,Not Reported,UNKNOWN,Fluorescence microscopy
FW_0289,Disposable paper cups (hidrophobic inner layer),Food Containers,"Soaking: MilliQ water (85 - 90°C, 15 min); staining: Nile red (protocol not reported)",250,25.9 – 764.8 µm,HDPE,Fluorescence microscopy
FW_0290,Disposable paper cups (hidrophobic inner layer),Food Containers,"Soaking: MilliQ water (85 - 90°C, 15 min); staining: Nile red (protocol not reported)",102.3,0.105 – 4.277 µm,HDPE,SEM
FW_0291,Disposable PP container (Rectangular),Food Containers,"Rinse: ultrapure water (mecanichal shake, 2-3 min)",0,0 – 210 nm,PP,FTIR
FW_0292,Disposable PP container (Round),Food Containers,"Rinse: ultrapure water (mecanichal shake, 2-3 min)",0,0 – 210 nm,PP,FTIR
FW_0293,Disposable PP cup,Food Containers,"Rinse: ultrapure water (mecanichal shake, 2-3 min)",0,0 – 210 nm,PP,FTIR
FW_0294,Infant feeding bottles (PP),Food Containers,"Starilization: deionized water (95°C, 5 min);  soaking: deionized water (180 rpm, 70 °C, 1 min)",1,Not Reported,PP,µ-Raman
FW_0295,Infant feeding bottles with PP accessories (gravity ball and round disk),Food Containers,"Starilization: deionized water (95°C, 5 min);  soaking: deionized water (180 rpm, 70 °C, 1 min)",69,Not Reported,PP,µ-Raman
FW_0296,Take-out food container (PE),Food Containers,Rinse: MiiliQ water,5,43 – 500 µm,RY,FTIR
FW_0297,Take-out food container (PET),Food Containers,Rinse: MiiliQ water,3,43 – 500 µm,RY,FTIR
FW_0298,Take-out food container (PP),Food Containers,Rinse: MiiliQ water,9,43 – 500 µm,RY,FTIR
FW_0299,Take-out food container (PS),Food Containers,Rinse: MiiliQ water,29,43 – 500 µm,RY,FTIR
FW_0300,Teabags,Food Containers,"Soaking: ultra pure water (100°C, 10 min)",1.9,1.04 – 4.55 µm,PS,spICP-MS
FW_0301,Teabags (Plastic),Food Containers,"Soaking: revers osmosis water (95°C, 10 min)",14702.3,0.017 – 270 µm,PET,SEM
